Trafikkregistreringspunkt;Navn;Vegreferanse;Fra;Til;År;Måned;Trafikkmengde;Konfidensintervall start;Konfidensintervall slutt;Dekningsgrad (%);Antall døgn total;Antall døgn inkludert;Antall døgn ugyldig;Ikke gyldig lengde;Lengdekvalitetsgrad (%);Felt;< 5,6m;>= 5,6m;5,6m - 7,6m;7,6m - 12,5m;12,5m - 16,0m;>= 16,0m;16,0m - 24,0m;>= 24,0m
13980V1126353;Lunheim;FV864 S1D1 m1417;2022-03-01T00:00+01:00;2022-04-01T00:00+02:00;2022;3;5321;4983;5659;93,6;31;29;1;2;100;1;5052;268;54;77;124;12;11;1
13980V1126353;Lunheim;FV864 S1D1 m1417;2022-03-01T00:00+01:00;2022-04-01T00:00+02:00;2022;3;5327;5019;5635;93,6;31;29;1;0;100;2;5053;274;64;78;117;15;14;1
13980V1126353;Lunheim;FV864 S1D1 m1417;2022-03-01T00:00+01:00;2022-04-01T00:00+02:00;2022;3;5327;5019;5635;93,6;31;29;1;0;100;Totalt i retning Tomasjordnes;5053;274;64;78;117;15;14;1
13980V1126353;Lunheim;FV864 S1D1 m1417;2022-03-01T00:00+01:00;2022-04-01T00:00+02:00;2022;3;5321;4983;5659;93,6;31;29;1;2;100;Totalt i retning Kroken;5051;268;54;77;124;12;11;1
13980V1126353;Lunheim;FV864 S1D1 m1417;2022-03-01T00:00+01:00;2022-04-01T00:00+02:00;2022;3;10648;10004;11292;93,6;31;29;1;2;100;Totalt;10105;542;118;156;241;26;25;1
13980V1126353;Lunheim;FV864 S1D1 m1417;2022-04-01T00:00+02:00;2022-05-01T00:00+02:00;2022;4;5074;4593;5555;100;30;30;0;1;100;1;4795;278;64;82;118;13;12;1
13980V1126353;Lunheim;FV864 S1D1 m1417;2022-04-01T00:00+02:00;2022-05-01T00:00+02:00;2022;4;5082;4631;5533;100;30;30;0;0;100;2;4796;286;73;84;113;16;15;1
13980V1126353;Lunheim;FV864 S1D1 m1417;2022-04-01T00:00+02:00;2022-05-01T00:00+02:00;2022;4;5082;4631;5533;100;30;30;0;0;100;Totalt i retning Tomasjordnes;4797;286;73;84;113;16;15;1
13980V1126353;Lunheim;FV864 S1D1 m1417;2022-04-01T00:00+02:00;2022-05-01T00:00+02:00;2022;4;5073;4592;5554;100;30;30;0;1;100;Totalt i retning Kroken;4795;278;64;82;118;13;12;1
13980V1126353;Lunheim;FV864 S1D1 m1417;2022-04-01T00:00+02:00;2022-05-01T00:00+02:00;2022;4;10156;9227;11085;100;30;30;0;1;100;Totalt;9591;563;137;166;231;28;27;1
13980V1126353;Lunheim;FV864 S1D1 m1417;2022-05-01T00:00+02:00;2022-06-01T00:00+02:00;2022;5;5379;4952;5806;100;31;31;0;1;100;1;5056;322;73;100;133;17;16;1
13980V1126353;Lunheim;FV864 S1D1 m1417;2022-05-01T00:00+02:00;2022-06-01T00:00+02:00;2022;5;5398;5002;5794;100;31;31;0;1;100;2;5056;342;86;107;129;19;18;1
13980V1126353;Lunheim;FV864 S1D1 m1417;2022-05-01T00:00+02:00;2022-06-01T00:00+02:00;2022;5;5397;5002;5792;100;31;31;0;0;100;Totalt i retning Tomasjordnes;5055;341;86;107;129;19;18;1
13980V1126353;Lunheim;FV864 S1D1 m1417;2022-05-01T00:00+02:00;2022-06-01T00:00+02:00;2022;5;5380;4952;5808;100;31;31;0;1;100;Totalt i retning Kroken;5056;323;73;100;133;17;16;1
13980V1126353;Lunheim;FV864 S1D1 m1417;2022-05-01T00:00+02:00;2022-06-01T00:00+02:00;2022;5;10777;9954;11600;100;31;31;0;2;100;Totalt;10111;664;159;207;262;36;34;2
13980V1126353;Lunheim;FV864 S1D1 m1417;2022-06-01T00:00+02:00;2022-07-01T00:00+02:00;2022;6;5550;5161;5939;100;30;30;0;0;100;1;5181;369;103;127;122;17;16;1
13980V1126353;Lunheim;FV864 S1D1 m1417;2022-06-01T00:00+02:00;2022-07-01T00:00+02:00;2022;6;5552;5199;5905;100;30;30;0;0;100;2;5161;390;120;134;116;19;18;1
13980V1126353;Lunheim;FV864 S1D1 m1417;2022-06-01T00:00+02:00;2022-07-01T00:00+02:00;2022;6;5552;5199;5905;100;30;30;0;0;100;Totalt i retning Tomasjordnes;5161;390;120;134;116;19;18;1
13980V1126353;Lunheim;FV864 S1D1 m1417;2022-06-01T00:00+02:00;2022-07-01T00:00+02:00;2022;6;5551;5162;5940;100;30;30;0;1;100;Totalt i retning Kroken;5181;369;103;127;122;17;16;1
13980V1126353;Lunheim;FV864 S1D1 m1417;2022-06-01T00:00+02:00;2022-07-01T00:00+02:00;2022;6;11102;10361;11843;100;30;30;0;0;100;Totalt;10342;760;223;261;238;38;35;3
13980V1126353;Lunheim;FV864 S1D1 m1417;2022-07-01T00:00+02:00;2022-08-01T00:00+02:00;2022;7;4034;3760;4308;100;31;31;0;0;100;1;3763;270;73;97;86;15;14;1
13980V1126353;Lunheim;FV864 S1D1 m1417;2022-07-01T00:00+02:00;2022-08-01T00:00+02:00;2022;7;4035;3793;4277;100;31;31;0;0;100;2;3751;284;82;101;85;17;16;1
13980V1126353;Lunheim;FV864 S1D1 m1417;2022-07-01T00:00+02:00;2022-08-01T00:00+02:00;2022;7;4036;3794;4278;100;31;31;0;0;100;Totalt i retning Tomasjordnes;3752;284;81;101;85;17;16;1
13980V1126353;Lunheim;FV864 S1D1 m1417;2022-07-01T00:00+02:00;2022-08-01T00:00+02:00;2022;7;4033;3759;4307;100;31;31;0;1;100;Totalt i retning Kroken;3762;270;73;97;86;15;14;1
13980V1126353;Lunheim;FV864 S1D1 m1417;2022-07-01T00:00+02:00;2022-08-01T00:00+02:00;2022;7;8069;7555;8583;100;31;31;0;1;100;Totalt;7514;554;154;198;171;31;30;1
13980V1126353;Lunheim;FV864 S1D1 m1417;2022-08-01T00:00+02:00;2022-09-01T00:00+02:00;2022;8;5071;4717;5425;100;31;31;0;0;100;1;4752;319;78;117;107;17;16;1
13980V1126353;Lunheim;FV864 S1D1 m1417;2022-08-01T00:00+02:00;2022-09-01T00:00+02:00;2022;8;5096;4771;5421;100;31;31;0;0;100;2;4758;339;90;126;105;19;17;2
13980V1126353;Lunheim;FV864 S1D1 m1417;2022-08-01T00:00+02:00;2022-09-01T00:00+02:00;2022;8;5097;4772;5422;100;31;31;0;0;100;Totalt i retning Tomasjordnes;4758;339;90;126;105;19;17;2
13980V1126353;Lunheim;FV864 S1D1 m1417;2022-08-01T00:00+02:00;2022-09-01T00:00+02:00;2022;8;5071;4717;5425;100;31;31;0;1;100;Totalt i retning Kroken;4751;319;78;117;107;17;16;1
13980V1126353;Lunheim;FV864 S1D1 m1417;2022-08-01T00:00+02:00;2022-09-01T00:00+02:00;2022;8;10168;9490;10846;100;31;31;0;1;100;Totalt;9509;658;167;243;212;35;32;3
13980V1126353;Lunheim;FV864 S1D1 m1417;2022-09-01T00:00+02:00;2022-10-01T00:00+02:00;2022;9;5480;5136;5824;100;30;30;0;0;100;1;5123;357;84;124;127;21;19;2
13980V1126353;Lunheim;FV864 S1D1 m1417;2022-09-01T00:00+02:00;2022-10-01T00:00+02:00;2022;9;5475;5169;5781;100;30;30;0;0;100;2;5106;369;95;131;118;25;23;2
13980V1126353;Lunheim;FV864 S1D1 m1417;2022-09-01T00:00+02:00;2022-10-01T00:00+02:00;2022;9;5476;5170;5782;100;30;30;0;0;100;Totalt i retning Tomasjordnes;5107;369;95;131;118;25;23;2
13980V1126353;Lunheim;FV864 S1D1 m1417;2022-09-01T00:00+02:00;2022-10-01T00:00+02:00;2022;9;5480;5136;5824;100;30;30;0;1;100;Totalt i retning Kroken;5123;357;84;124;127;21;19;2
13980V1126353;Lunheim;FV864 S1D1 m1417;2022-09-01T00:00+02:00;2022-10-01T00:00+02:00;2022;9;10956;10308;11604;100;30;30;0;1;100;Totalt;10229;726;179;256;245;46;42;4
13980V1126353;Lunheim;FV864 S1D1 m1417;2022-10-01T00:00+02:00;2022-11-01T00:00+01:00;2022;10;5174;4816;5532;100;31;31;0;1;100;1;4870;303;64;101;121;18;17;1
13980V1126353;Lunheim;FV864 S1D1 m1417;2022-10-01T00:00+02:00;2022-11-01T00:00+01:00;2022;10;5189;4866;5512;100;31;31;0;0;100;2;4871;318;78;106;114;20;19;1
13980V1126353;Lunheim;FV864 S1D1 m1417;2022-10-01T00:00+02:00;2022-11-01T00:00+01:00;2022;10;5190;4867;5513;100;31;31;0;1;100;Totalt i retning Tomasjordnes;4872;318;78;106;114;20;19;1
13980V1126353;Lunheim;FV864 S1D1 m1417;2022-10-01T00:00+02:00;2022-11-01T00:00+01:00;2022;10;5174;4816;5532;100;31;31;0;2;100;Totalt i retning Kroken;4869;303;64;100;121;18;17;1
13980V1126353;Lunheim;FV864 S1D1 m1417;2022-10-01T00:00+02:00;2022-11-01T00:00+01:00;2022;10;10364;9683;11045;100;31;31;0;2;100;Totalt;9741;621;141;207;235;38;36;2
13980V1126353;Lunheim;FV864 S1D1 m1417;2022-11-01T00:00+01:00;2022-12-01T00:00+01:00;2022;11;5191;4864;5518;100;30;30;0;2;100;1;4902;288;58;89;125;15;14;1
13980V1126353;Lunheim;FV864 S1D1 m1417;2022-11-01T00:00+01:00;2022-12-01T00:00+01:00;2022;11;5192;4894;5490;100;30;30;0;0;100;2;4892;301;74;90;120;17;16;1
13980V1126353;Lunheim;FV864 S1D1 m1417;2022-11-01T00:00+01:00;2022-12-01T00:00+01:00;2022;11;5193;4895;5491;100;30;30;0;1;100;Totalt i retning Tomasjordnes;4892;301;74;90;120;17;16;1
13980V1126353;Lunheim;FV864 S1D1 m1417;2022-11-01T00:00+01:00;2022-12-01T00:00+01:00;2022;11;5191;4864;5518;100;30;30;0;2;100;Totalt i retning Kroken;4901;288;58;89;125;15;14;1
13980V1126353;Lunheim;FV864 S1D1 m1417;2022-11-01T00:00+01:00;2022-12-01T00:00+01:00;2022;11;10384;9760;11008;100;30;30;0;2;100;Totalt;9793;588;133;179;245;31;30;1
13980V1126353;Lunheim;FV864 S1D1 m1417;2022-12-01T00:00+01:00;2023-01-01T00:00+01:00;2022;12;5039;4659;5419;100;31;31;0;0;100;1;4794;245;50;70;115;10;10;0
13980V1126353;Lunheim;FV864 S1D1 m1417;2022-12-01T00:00+01:00;2023-01-01T00:00+01:00;2022;12;5030;4660;5400;100;31;31;0;0;100;2;4772;258;65;71;112;10;10;0
13980V1126353;Lunheim;FV864 S1D1 m1417;2022-12-01T00:00+01:00;2023-01-01T00:00+01:00;2022;12;5031;4661;5401;100;31;31;0;1;100;Totalt i retning Tomasjordnes;4772;258;65;71;112;10;10;0
13980V1126353;Lunheim;FV864 S1D1 m1417;2022-12-01T00:00+01:00;2023-01-01T00:00+01:00;2022;12;5039;4659;5419;100;31;31;0;1;100;Totalt i retning Kroken;4793;245;50;70;115;10;10;0
13980V1126353;Lunheim;FV864 S1D1 m1417;2022-12-01T00:00+01:00;2023-01-01T00:00+01:00;2022;12;10069;9320;10818;100;31;31;0;0;100;Totalt;9566;503;115;141;227;20;20;0
13980V1126353;Lunheim;FV864 S1D1 m1417;2023-01-01T00:00+01:00;2023-02-01T00:00+01:00;2023;1;4751;4438;5064;100;31;31;0;1;100;1;4491;259;55;71;122;11;11;0
13980V1126353;Lunheim;FV864 S1D1 m1417;2023-01-01T00:00+01:00;2023-02-01T00:00+01:00;2023;1;4771;4489;5053;100;31;31;0;0;100;2;4496;275;72;73;117;12;12;0
13980V1126353;Lunheim;FV864 S1D1 m1417;2023-01-01T00:00+01:00;2023-02-01T00:00+01:00;2023;1;4771;4489;5053;100;31;31;0;0;100;Totalt i retning Tomasjordnes;4496;275;72;73;117;12;12;0
13980V1126353;Lunheim;FV864 S1D1 m1417;2023-01-01T00:00+01:00;2023-02-01T00:00+01:00;2023;1;4750;4437;5063;100;31;31;0;0;100;Totalt i retning Kroken;4491;259;55;71;122;11;11;0
13980V1126353;Lunheim;FV864 S1D1 m1417;2023-01-01T00:00+01:00;2023-02-01T00:00+01:00;2023;1;9522;8928;10116;100;31;31;0;1;100;Totalt;8987;534;127;144;239;23;23;0
13980V1126353;Lunheim;FV864 S1D1 m1417;2023-02-01T00:00+01:00;2023-03-01T00:00+01:00;2023;2;4917;4616;5218;100;28;28;0;0;100;1;4641;276;56;78;129;13;13;0
13980V1126353;Lunheim;FV864 S1D1 m1417;2023-02-01T00:00+01:00;2023-03-01T00:00+01:00;2023;2;4922;4651;5193;100;28;28;0;0;100;2;4631;291;72;80;125;14;14;0
13980V1126353;Lunheim;FV864 S1D1 m1417;2023-02-01T00:00+01:00;2023-03-01T00:00+01:00;2023;2;4922;4651;5193;100;28;28;0;0;100;Totalt i retning Tomasjordnes;4631;291;72;80;125;14;14;0
13980V1126353;Lunheim;FV864 S1D1 m1417;2023-02-01T00:00+01:00;2023-03-01T00:00+01:00;2023;2;4917;4616;5218;100;28;28;0;0;100;Totalt i retning Kroken;4641;276;56;78;129;13;13;0
13980V1126353;Lunheim;FV864 S1D1 m1417;2023-02-01T00:00+01:00;2023-03-01T00:00+01:00;2023;2;9839;9268;10410;100;28;28;0;0;100;Totalt;9272;567;128;157;254;28;27;1
13980V1126353;Lunheim;FV864 S1D1 m1417;2023-03-01T00:00+01:00;2023-04-01T00:00+02:00;2023;3;5117;4840;5394;100;31;31;0;3;99,9;1;4815;299;60;91;134;14;14;0
13980V1126353;Lunheim;FV864 S1D1 m1417;2023-03-01T00:00+01:00;2023-04-01T00:00+02:00;2023;3;5116;4863;5369;100;31;31;0;0;100;2;4798;318;79;94;130;15;15;0
13980V1126353;Lunheim;FV864 S1D1 m1417;2023-03-01T00:00+01:00;2023-04-01T00:00+02:00;2023;3;5116;4864;5368;100;31;31;0;0;100;Totalt i retning Tomasjordnes;4798;318;79;94;130;15;15;0
13980V1126353;Lunheim;FV864 S1D1 m1417;2023-03-01T00:00+01:00;2023-04-01T00:00+02:00;2023;3;5117;4840;5394;100;31;31;0;3;99,9;Totalt i retning Kroken;4815;299;60;91;134;14;14;0
13980V1126353;Lunheim;FV864 S1D1 m1417;2023-03-01T00:00+01:00;2023-04-01T00:00+02:00;2023;3;10233;9705;10761;100;31;31;0;3;100;Totalt;9613;617;139;185;264;29;29;0
13980V1126353;Lunheim;FV864 S1D1 m1417;2023-04-01T00:00+02:00;2023-05-01T00:00+02:00;2023;4;4728;4258;5198;100;30;30;0;0;100;1;4481;247;48;75;112;12;12;0
13980V1126353;Lunheim;FV864 S1D1 m1417;2023-04-01T00:00+02:00;2023-05-01T00:00+02:00;2023;4;4730;4285;5175;100;30;30;0;0;100;2;4473;258;59;78;107;15;14;1
13980V1126353;Lunheim;FV864 S1D1 m1417;2023-04-01T00:00+02:00;2023-05-01T00:00+02:00;2023;4;4731;4286;5176;100;30;30;0;0;100;Totalt i retning Tomasjordnes;4473;258;59;78;107;15;14;1
13980V1126353;Lunheim;FV864 S1D1 m1417;2023-04-01T00:00+02:00;2023-05-01T00:00+02:00;2023;4;4727;4257;5197;100;30;30;0;0;100;Totalt i retning Kroken;4480;247;48;75;112;12;12;0
13980V1126353;Lunheim;FV864 S1D1 m1417;2023-04-01T00:00+02:00;2023-05-01T00:00+02:00;2023;4;9458;8545;10371;100;30;30;0;0;100;Totalt;8953;505;106;153;219;26;25;1
31157V2782679;Tromsøysundtunnelen T2;EV8 S2D1 m5455;2022-01-01T00:00+01:00;2022-02-01T00:00+01:00;2022;1;4334;3894;4774;100;31;31;0;1;100;1;3817;516;254;134;68;60;56;4
31157V2782679;Tromsøysundtunnelen T2;EV8 S2D1 m5455;2022-01-01T00:00+01:00;2022-02-01T00:00+01:00;2022;1;609;496;722;100;31;31;0;1;99,8;3;578;30;25;3;2;0;0;0
31157V2782679;Tromsøysundtunnelen T2;EV8 S2D1 m5455;2022-01-01T00:00+01:00;2022-02-01T00:00+01:00;2022;1;2;1;3;100;31;31;0;1;50;Totalt i retning Tomasjord;1;0;0;0;0;0;0;0
31157V2782679;Tromsøysundtunnelen T2;EV8 S2D1 m5455;2022-01-01T00:00+01:00;2022-02-01T00:00+01:00;2022;1;4941;4401;5481;100;31;31;0;1;100;Totalt i retning Tromsøya;4394;546;279;137;70;60;56;4
31157V2782679;Tromsøysundtunnelen T2;EV8 S2D1 m5455;2022-01-01T00:00+01:00;2022-02-01T00:00+01:00;2022;1;4942;4401;5483;100;31;31;0;1;100;Totalt;4395;546;279;137;70;60;56;4
31157V2782679;Tromsøysundtunnelen T2;EV8 S2D1 m5455;2022-02-01T00:00+01:00;2022-03-01T00:00+01:00;2022;2;4819;4381;5257;100;28;28;0;1;100;1;4259;559;265;146;77;71;66;5
31157V2782679;Tromsøysundtunnelen T2;EV8 S2D1 m5455;2022-02-01T00:00+01:00;2022-03-01T00:00+01:00;2022;2;628;530;726;100;28;28;0;0;100;3;601;27;23;3;1;0;0;0
31157V2782679;Tromsøysundtunnelen T2;EV8 S2D1 m5455;2022-02-01T00:00+01:00;2022-03-01T00:00+01:00;2022;2;0;0;0;100;28;28;0;0;-;Totalt i retning Tomasjord;0;0;0;0;0;0;0;0
31157V2782679;Tromsøysundtunnelen T2;EV8 S2D1 m5455;2022-02-01T00:00+01:00;2022-03-01T00:00+01:00;2022;2;5447;4913;5981;100;28;28;0;1;100;Totalt i retning Tromsøya;4860;586;288;149;78;71;66;5
31157V2782679;Tromsøysundtunnelen T2;EV8 S2D1 m5455;2022-02-01T00:00+01:00;2022-03-01T00:00+01:00;2022;2;5447;4913;5981;100;28;28;0;1;100;Totalt;4860;586;288;149;78;71;66;5
31157V2782679;Tromsøysundtunnelen T2;EV8 S2D1 m5455;2022-03-01T00:00+01:00;2022-04-01T00:00+02:00;2022;3;4877;4458;5296;100;31;31;0;1;100;1;4297;579;278;149;79;74;69;5
31157V2782679;Tromsøysundtunnelen T2;EV8 S2D1 m5455;2022-03-01T00:00+01:00;2022-04-01T00:00+02:00;2022;3;678;579;777;100;31;31;0;1;99,9;3;647;30;26;3;1;1;1;0
31157V2782679;Tromsøysundtunnelen T2;EV8 S2D1 m5455;2022-03-01T00:00+01:00;2022-04-01T00:00+02:00;2022;3;1;0;2;100;31;31;0;0;100;Totalt i retning Tomasjord;0;0;0;0;0;0;0;0
31157V2782679;Tromsøysundtunnelen T2;EV8 S2D1 m5455;2022-03-01T00:00+01:00;2022-04-01T00:00+02:00;2022;3;5554;5037;6071;100;31;31;0;1;100;Totalt i retning Tromsøya;4944;609;303;152;80;74;69;5
31157V2782679;Tromsøysundtunnelen T2;EV8 S2D1 m5455;2022-03-01T00:00+01:00;2022-04-01T00:00+02:00;2022;3;5555;5038;6072;100;31;31;0;2;100;Totalt;4944;609;303;152;80;74;69;5
31157V2782679;Tromsøysundtunnelen T2;EV8 S2D1 m5455;2022-04-01T00:00+02:00;2022-05-01T00:00+02:00;2022;4;4429;3863;4995;100;30;30;0;0;100;1;3920;509;234;139;70;65;61;4
31157V2782679;Tromsøysundtunnelen T2;EV8 S2D1 m5455;2022-04-01T00:00+02:00;2022-05-01T00:00+02:00;2022;4;572;451;693;100;30;30;0;0;100;3;549;23;19;2;1;0;0;0
31157V2782679;Tromsøysundtunnelen T2;EV8 S2D1 m5455;2022-04-01T00:00+02:00;2022-05-01T00:00+02:00;2022;4;0;0;0;100;30;30;0;0;-;Totalt i retning Tomasjord;0;0;0;0;0;0;0;0
31157V2782679;Tromsøysundtunnelen T2;EV8 S2D1 m5455;2022-04-01T00:00+02:00;2022-05-01T00:00+02:00;2022;4;5002;4318;5686;100;30;30;0;1;100;Totalt i retning Tromsøya;4469;532;254;142;70;66;62;4
31157V2782679;Tromsøysundtunnelen T2;EV8 S2D1 m5455;2022-04-01T00:00+02:00;2022-05-01T00:00+02:00;2022;4;5002;4318;5686;100;30;30;0;1;100;Totalt;4469;532;254;142;70;66;62;4
31157V2782679;Tromsøysundtunnelen T2;EV8 S2D1 m5455;2022-05-01T00:00+02:00;2022-06-01T00:00+02:00;2022;5;4767;4281;5253;100;31;31;0;1;100;1;4157;609;267;184;78;78;74;4
31157V2782679;Tromsøysundtunnelen T2;EV8 S2D1 m5455;2022-05-01T00:00+02:00;2022-06-01T00:00+02:00;2022;5;684;561;807;100;31;31;0;0;100;3;653;31;25;4;1;0;0;0
31157V2782679;Tromsøysundtunnelen T2;EV8 S2D1 m5455;2022-05-01T00:00+02:00;2022-06-01T00:00+02:00;2022;5;1;0;2;100;31;31;0;0;100;Totalt i retning Tomasjord;0;1;0;1;0;0;0;0
31157V2782679;Tromsøysundtunnelen T2;EV8 S2D1 m5455;2022-05-01T00:00+02:00;2022-06-01T00:00+02:00;2022;5;5450;4844;6056;100;31;31;0;1;100;Totalt i retning Tromsøya;4810;639;292;188;79;80;75;5
31157V2782679;Tromsøysundtunnelen T2;EV8 S2D1 m5455;2022-05-01T00:00+02:00;2022-06-01T00:00+02:00;2022;5;5451;4845;6057;100;31;31;0;2;100;Totalt;4810;639;293;189;79;80;75;5
31157V2782679;Tromsøysundtunnelen T2;EV8 S2D1 m5455;2022-06-01T00:00+02:00;2022-07-01T00:00+02:00;2022;6;5091;4589;5593;100;30;30;0;0;100;1;4354;737;320;239;84;94;89;5
31157V2782679;Tromsøysundtunnelen T2;EV8 S2D1 m5455;2022-06-01T00:00+02:00;2022-07-01T00:00+02:00;2022;6;771;617;925;100;30;30;0;0;100;3;732;40;30;7;2;1;1;0
31157V2782679;Tromsøysundtunnelen T2;EV8 S2D1 m5455;2022-06-01T00:00+02:00;2022-07-01T00:00+02:00;2022;6;0;-1;1;100;30;30;0;0;-;Totalt i retning Tomasjord;0;0;0;0;0;0;0;0
31157V2782679;Tromsøysundtunnelen T2;EV8 S2D1 m5455;2022-06-01T00:00+02:00;2022-07-01T00:00+02:00;2022;6;5862;5227;6497;100;30;30;0;1;100;Totalt i retning Tromsøya;5085;776;349;246;86;94;89;5
31157V2782679;Tromsøysundtunnelen T2;EV8 S2D1 m5455;2022-06-01T00:00+02:00;2022-07-01T00:00+02:00;2022;6;5862;5227;6497;100;30;30;0;0;100;Totalt;5085;776;349;246;86;94;89;5
31157V2782679;Tromsøysundtunnelen T2;EV8 S2D1 m5455;2022-07-01T00:00+02:00;2022-08-01T00:00+02:00;2022;7;3529;3190;3868;100;31;31;0;0;100;1;3029;500;221;168;47;63;59;4
31157V2782679;Tromsøysundtunnelen T2;EV8 S2D1 m5455;2022-07-01T00:00+02:00;2022-08-01T00:00+02:00;2022;7;359;303;415;100;31;31;0;0;100;3;341;17;13;3;1;0;0;0
31157V2782679;Tromsøysundtunnelen T2;EV8 S2D1 m5455;2022-07-01T00:00+02:00;2022-08-01T00:00+02:00;2022;7;0;0;0;100;31;31;0;0;-;Totalt i retning Tomasjord;0;0;0;0;0;0;0;0
31157V2782679;Tromsøysundtunnelen T2;EV8 S2D1 m5455;2022-07-01T00:00+02:00;2022-08-01T00:00+02:00;2022;7;3888;3495;4281;100;31;31;0;1;100;Totalt i retning Tromsøya;3370;517;234;171;48;63;59;4
31157V2782679;Tromsøysundtunnelen T2;EV8 S2D1 m5455;2022-07-01T00:00+02:00;2022-08-01T00:00+02:00;2022;7;3888;3495;4281;100;31;31;0;1;100;Totalt;3370;517;234;171;48;63;59;4
31157V2782679;Tromsøysundtunnelen T2;EV8 S2D1 m5455;2022-08-01T00:00+02:00;2022-09-01T00:00+02:00;2022;8;4569;4147;4991;100;31;31;0;0;100;1;3947;622;274;209;63;76;72;4
31157V2782679;Tromsøysundtunnelen T2;EV8 S2D1 m5455;2022-08-01T00:00+02:00;2022-09-01T00:00+02:00;2022;8;638;522;754;100;31;31;0;0;100;3;606;32;25;5;1;1;1;0
31157V2782679;Tromsøysundtunnelen T2;EV8 S2D1 m5455;2022-08-01T00:00+02:00;2022-09-01T00:00+02:00;2022;8;0;0;0;100;31;31;0;0;-;Totalt i retning Tomasjord;-;-;-;-;-;-;-;-
31157V2782679;Tromsøysundtunnelen T2;EV8 S2D1 m5455;2022-08-01T00:00+02:00;2022-09-01T00:00+02:00;2022;8;5207;4678;5736;100;31;31;0;1;100;Totalt i retning Tromsøya;4552;654;299;214;64;77;73;4
31157V2782679;Tromsøysundtunnelen T2;EV8 S2D1 m5455;2022-08-01T00:00+02:00;2022-09-01T00:00+02:00;2022;8;5207;4678;5736;100;31;31;0;1;100;Totalt;4552;654;299;214;64;77;73;4
31157V2782679;Tromsøysundtunnelen T2;EV8 S2D1 m5455;2022-09-01T00:00+02:00;2022-10-01T00:00+02:00;2022;9;4937;4499;5375;100;30;30;0;0;100;1;4244;693;313;218;80;82;77;5
31157V2782679;Tromsøysundtunnelen T2;EV8 S2D1 m5455;2022-09-01T00:00+02:00;2022-10-01T00:00+02:00;2022;9;749;637;861;100;30;30;0;1;99,9;3;714;35;28;5;1;0;0;0
31157V2782679;Tromsøysundtunnelen T2;EV8 S2D1 m5455;2022-09-01T00:00+02:00;2022-10-01T00:00+02:00;2022;9;0;0;0;100;30;30;0;0;-;Totalt i retning Tomasjord;-;-;-;-;-;-;-;-
31157V2782679;Tromsøysundtunnelen T2;EV8 S2D1 m5455;2022-09-01T00:00+02:00;2022-10-01T00:00+02:00;2022;9;5686;5137;6235;100;30;30;0;1;100;Totalt i retning Tromsøya;4957;728;341;223;81;83;78;5
31157V2782679;Tromsøysundtunnelen T2;EV8 S2D1 m5455;2022-09-01T00:00+02:00;2022-10-01T00:00+02:00;2022;9;5686;5137;6235;100;30;30;0;0;100;Totalt;4958;728;341;223;81;83;78;5
31157V2782679;Tromsøysundtunnelen T2;EV8 S2D1 m5455;2022-10-01T00:00+02:00;2022-11-01T00:00+01:00;2022;10;4736;4299;5173;100;31;31;0;1;100;1;4105;630;283;194;75;78;74;4
31157V2782679;Tromsøysundtunnelen T2;EV8 S2D1 m5455;2022-10-01T00:00+02:00;2022-11-01T00:00+01:00;2022;10;701;585;817;100;31;31;0;0;100;3;667;34;28;4;1;0;0;0
31157V2782679;Tromsøysundtunnelen T2;EV8 S2D1 m5455;2022-10-01T00:00+02:00;2022-11-01T00:00+01:00;2022;10;1;-1;3;100;31;31;0;1;0;Totalt i retning Tomasjord;-;-;-;-;-;-;-;-
31157V2782679;Tromsøysundtunnelen T2;EV8 S2D1 m5455;2022-10-01T00:00+02:00;2022-11-01T00:00+01:00;2022;10;5435;4884;5986;100;31;31;0;0;100;Totalt i retning Tromsøya;4772;662;310;198;76;78;74;4
31157V2782679;Tromsøysundtunnelen T2;EV8 S2D1 m5455;2022-10-01T00:00+02:00;2022-11-01T00:00+01:00;2022;10;5437;4886;5988;100;31;31;0;1;100;Totalt;4773;663;311;198;76;78;74;4
31157V2782679;Tromsøysundtunnelen T2;EV8 S2D1 m5455;2022-11-01T00:00+01:00;2022-12-01T00:00+01:00;2022;11;4807;4367;5247;100;30;30;0;0;100;1;4189;618;284;179;78;77;72;5
31157V2782679;Tromsøysundtunnelen T2;EV8 S2D1 m5455;2022-11-01T00:00+01:00;2022-12-01T00:00+01:00;2022;11;715;609;821;100;30;30;0;0;100;3;683;33;28;3;1;0;0;0
31157V2782679;Tromsøysundtunnelen T2;EV8 S2D1 m5455;2022-11-01T00:00+01:00;2022-12-01T00:00+01:00;2022;11;0;0;0;100;30;30;0;0;-;Totalt i retning Tomasjord;-;-;-;-;-;-;-;-
31157V2782679;Tromsøysundtunnelen T2;EV8 S2D1 m5455;2022-11-01T00:00+01:00;2022-12-01T00:00+01:00;2022;11;5522;4977;6067;100;30;30;0;0;100;Totalt i retning Tromsøya;4871;651;312;182;80;77;72;5
31157V2782679;Tromsøysundtunnelen T2;EV8 S2D1 m5455;2022-11-01T00:00+01:00;2022-12-01T00:00+01:00;2022;11;5523;4978;6068;100;30;30;0;1;100;Totalt;4871;651;312;182;80;77;72;5
31157V2782679;Tromsøysundtunnelen T2;EV8 S2D1 m5455;2022-12-01T00:00+01:00;2023-01-01T00:00+01:00;2022;12;4383;3922;4844;100;31;31;0;1;100;1;3905;477;233;120;66;58;54;4
31157V2782679;Tromsøysundtunnelen T2;EV8 S2D1 m5455;2022-12-01T00:00+01:00;2023-01-01T00:00+01:00;2022;12;577;471;683;100;31;31;0;0;100;3;551;26;21;3;1;0;0;0
31157V2782679;Tromsøysundtunnelen T2;EV8 S2D1 m5455;2022-12-01T00:00+01:00;2023-01-01T00:00+01:00;2022;12;1;0;2;100;31;31;0;1;0;Totalt i retning Tomasjord;-;-;-;-;-;-;-;-
31157V2782679;Tromsøysundtunnelen T2;EV8 S2D1 m5455;2022-12-01T00:00+01:00;2023-01-01T00:00+01:00;2022;12;4960;4397;5523;100;31;31;0;1;100;Totalt i retning Tromsøya;4456;504;255;124;67;58;54;4
31157V2782679;Tromsøysundtunnelen T2;EV8 S2D1 m5455;2022-12-01T00:00+01:00;2023-01-01T00:00+01:00;2022;12;4960;4397;5523;100;31;31;0;1;100;Totalt;4456;504;255;124;67;58;54;4
31157V2782679;Tromsøysundtunnelen T2;EV8 S2D1 m5455;2023-01-01T00:00+01:00;2023-02-01T00:00+01:00;2023;1;4195;3815;4575;100;31;31;0;1;100;1;3664;529;249;139;77;65;60;5
31157V2782679;Tromsøysundtunnelen T2;EV8 S2D1 m5455;2023-01-01T00:00+01:00;2023-02-01T00:00+01:00;2023;1;543;456;630;100;31;31;0;0;100;3;516;26;21;4;1;0;0;0
31157V2782679;Tromsøysundtunnelen T2;EV8 S2D1 m5455;2023-01-01T00:00+01:00;2023-02-01T00:00+01:00;2023;1;1;0;2;100;31;31;0;1;0;Totalt i retning Tomasjord;-;-;-;-;-;-;-;-
31157V2782679;Tromsøysundtunnelen T2;EV8 S2D1 m5455;2023-01-01T00:00+01:00;2023-02-01T00:00+01:00;2023;1;4736;4273;5199;100;31;31;0;0;100;Totalt i retning Tromsøya;4181;555;270;142;78;65;60;5
31157V2782679;Tromsøysundtunnelen T2;EV8 S2D1 m5455;2023-01-01T00:00+01:00;2023-02-01T00:00+01:00;2023;1;4738;4275;5201;100;31;31;0;2;100;Totalt;4181;556;270;143;78;65;60;5
31157V2782679;Tromsøysundtunnelen T2;EV8 S2D1 m5455;2023-02-01T00:00+01:00;2023-03-01T00:00+01:00;2023;2;4219;3856;4582;100;28;28;0;0;100;1;3679;540;252;144;78;65;61;4
31157V2782679;Tromsøysundtunnelen T2;EV8 S2D1 m5455;2023-02-01T00:00+01:00;2023-03-01T00:00+01:00;2023;2;561;475;647;100;28;28;0;1;99,8;3;534;26;20;4;1;0;0;0
31157V2782679;Tromsøysundtunnelen T2;EV8 S2D1 m5455;2023-02-01T00:00+01:00;2023-03-01T00:00+01:00;2023;2;0;0;0;100;28;28;0;0;-;Totalt i retning Tomasjord;-;-;-;-;-;-;-;-
31157V2782679;Tromsøysundtunnelen T2;EV8 S2D1 m5455;2023-02-01T00:00+01:00;2023-03-01T00:00+01:00;2023;2;4780;4336;5224;100;28;28;0;1;100;Totalt i retning Tromsøya;4213;566;272;149;80;65;61;4
31157V2782679;Tromsøysundtunnelen T2;EV8 S2D1 m5455;2023-02-01T00:00+01:00;2023-03-01T00:00+01:00;2023;2;4780;4336;5224;100;28;28;0;1;100;Totalt;4213;566;272;149;80;65;61;4
31157V2782679;Tromsøysundtunnelen T2;EV8 S2D1 m5455;2023-03-01T00:00+01:00;2023-04-01T00:00+02:00;2023;3;4370;4019;4721;100;31;31;0;0;100;1;3817;553;259;145;82;66;61;5
31157V2782679;Tromsøysundtunnelen T2;EV8 S2D1 m5455;2023-03-01T00:00+01:00;2023-04-01T00:00+02:00;2023;3;562;483;641;100;31;31;0;1;99,8;3;533;28;21;5;1;1;1;0
31157V2782679;Tromsøysundtunnelen T2;EV8 S2D1 m5455;2023-03-01T00:00+01:00;2023-04-01T00:00+02:00;2023;3;0;0;0;100;31;31;0;0;-;Totalt i retning Tomasjord;-;-;-;-;-;-;-;-
31157V2782679;Tromsøysundtunnelen T2;EV8 S2D1 m5455;2023-03-01T00:00+01:00;2023-04-01T00:00+02:00;2023;3;4931;4513;5349;100;31;31;0;0;100;Totalt i retning Tromsøya;4350;581;281;150;84;67;62;5
31157V2782679;Tromsøysundtunnelen T2;EV8 S2D1 m5455;2023-03-01T00:00+01:00;2023-04-01T00:00+02:00;2023;3;4932;4514;5350;100;31;31;0;1;100;Totalt;4350;581;281;150;84;67;62;5
31157V2782679;Tromsøysundtunnelen T2;EV8 S2D1 m5455;2023-04-01T00:00+02:00;2023-05-01T00:00+02:00;2023;4;3866;3363;4369;100;30;30;0;0;100;1;3410;455;218;122;62;53;49;4
31157V2782679;Tromsøysundtunnelen T2;EV8 S2D1 m5455;2023-04-01T00:00+02:00;2023-05-01T00:00+02:00;2023;4;460;363;557;100;30;30;0;1;99,8;3;438;21;18;3;1;0;0;0
31157V2782679;Tromsøysundtunnelen T2;EV8 S2D1 m5455;2023-04-01T00:00+02:00;2023-05-01T00:00+02:00;2023;4;0;-1;1;100;30;30;0;0;-;Totalt i retning Tomasjord;-;-;-;-;-;-;-;-
31157V2782679;Tromsøysundtunnelen T2;EV8 S2D1 m5455;2023-04-01T00:00+02:00;2023-05-01T00:00+02:00;2023;4;4326;3727;4925;100;30;30;0;1;100;Totalt i retning Tromsøya;3848;476;235;124;63;54;50;4
31157V2782679;Tromsøysundtunnelen T2;EV8 S2D1 m5455;2023-04-01T00:00+02:00;2023-05-01T00:00+02:00;2023;4;4326;3727;4925;100;30;30;0;1;100;Totalt;3849;476;235;125;63;54;50;4
31958V1125796;Kraftforsyningen;EV8 S2D1 m8454;2022-01-01T00:00+01:00;2022-02-01T00:00+01:00;2022;1;4940;4479;5401;100;31;31;0;0;100;1;4613;327;87;116;51;73;69;4
31958V1125796;Kraftforsyningen;EV8 S2D1 m8454;2022-01-01T00:00+01:00;2022-02-01T00:00+01:00;2022;1;4813;4432;5194;100;31;31;0;0;100;2;4535;279;75;103;46;54;52;2
31958V1125796;Kraftforsyningen;EV8 S2D1 m8454;2022-01-01T00:00+01:00;2022-02-01T00:00+01:00;2022;1;4939;4478;5400;100;31;31;0;0;100;Totalt i retning TROMSDALEN;4613;327;87;116;51;73;69;4
31958V1125796;Kraftforsyningen;EV8 S2D1 m8454;2022-01-01T00:00+01:00;2022-02-01T00:00+01:00;2022;1;4814;4433;5195;100;31;31;0;0;100;Totalt i retning KROKEN;4535;279;75;103;46;54;52;2
31958V1125796;Kraftforsyningen;EV8 S2D1 m8454;2022-01-01T00:00+01:00;2022-02-01T00:00+01:00;2022;1;9754;8915;10593;100;31;31;0;1;100;Totalt;9148;605;162;219;97;128;122;6
31958V1125796;Kraftforsyningen;EV8 S2D1 m8454;2022-02-01T00:00+01:00;2022-03-01T00:00+01:00;2022;2;5308;4904;5712;100;28;28;0;0;100;1;4967;341;85;121;56;79;75;4
31958V1125796;Kraftforsyningen;EV8 S2D1 m8454;2022-02-01T00:00+01:00;2022-03-01T00:00+01:00;2022;2;5120;4789;5451;100;28;28;0;1;100;2;4821;299;79;110;47;62;59;3
31958V1125796;Kraftforsyningen;EV8 S2D1 m8454;2022-02-01T00:00+01:00;2022-03-01T00:00+01:00;2022;2;5307;4903;5711;100;28;28;0;0;100;Totalt i retning TROMSDALEN;4966;341;85;121;56;79;75;4
31958V1125796;Kraftforsyningen;EV8 S2D1 m8454;2022-02-01T00:00+01:00;2022-03-01T00:00+01:00;2022;2;5120;4789;5451;100;28;28;0;0;100;Totalt i retning KROKEN;4821;299;80;110;47;62;59;3
31958V1125796;Kraftforsyningen;EV8 S2D1 m8454;2022-02-01T00:00+01:00;2022-03-01T00:00+01:00;2022;2;10427;9694;11160;100;28;28;0;0;100;Totalt;9787;640;164;231;103;141;134;7
31958V1125796;Kraftforsyningen;EV8 S2D1 m8454;2022-03-01T00:00+01:00;2022-04-01T00:00+02:00;2022;3;5390;5012;5768;100;31;31;0;0;100;1;5041;349;89;120;57;81;77;4
31958V1125796;Kraftforsyningen;EV8 S2D1 m8454;2022-03-01T00:00+01:00;2022-04-01T00:00+02:00;2022;3;5228;4926;5530;100;31;31;0;0;100;2;4916;312;85;113;48;66;63;3
31958V1125796;Kraftforsyningen;EV8 S2D1 m8454;2022-03-01T00:00+01:00;2022-04-01T00:00+02:00;2022;3;5389;5011;5767;100;31;31;0;0;100;Totalt i retning TROMSDALEN;5041;349;89;120;57;81;77;4
31958V1125796;Kraftforsyningen;EV8 S2D1 m8454;2022-03-01T00:00+01:00;2022-04-01T00:00+02:00;2022;3;5228;4926;5530;100;31;31;0;0;100;Totalt i retning KROKEN;4917;312;85;113;48;66;63;3
31958V1125796;Kraftforsyningen;EV8 S2D1 m8454;2022-03-01T00:00+01:00;2022-04-01T00:00+02:00;2022;3;10618;9944;11292;100;31;31;0;0;100;Totalt;9958;660;174;233;105;148;140;8
31958V1125796;Kraftforsyningen;EV8 S2D1 m8454;2022-04-01T00:00+02:00;2022-05-01T00:00+02:00;2022;4;5152;4595;5709;100;30;30;0;0;100;1;4829;324;86;111;55;71;67;4
31958V1125796;Kraftforsyningen;EV8 S2D1 m8454;2022-04-01T00:00+02:00;2022-05-01T00:00+02:00;2022;4;5015;4530;5500;100;30;30;0;0;100;2;4720;295;81;109;48;58;55;3
31958V1125796;Kraftforsyningen;EV8 S2D1 m8454;2022-04-01T00:00+02:00;2022-05-01T00:00+02:00;2022;4;5152;4595;5709;100;30;30;0;0;100;Totalt i retning TROMSDALEN;4828;324;86;111;55;71;67;4
31958V1125796;Kraftforsyningen;EV8 S2D1 m8454;2022-04-01T00:00+02:00;2022-05-01T00:00+02:00;2022;4;5016;4531;5501;100;30;30;0;1;100;Totalt i retning KROKEN;4720;296;81;109;48;58;55;3
31958V1125796;Kraftforsyningen;EV8 S2D1 m8454;2022-04-01T00:00+02:00;2022-05-01T00:00+02:00;2022;4;10167;9131;11203;100;30;30;0;0;100;Totalt;9548;619;167;220;104;129;122;7
31958V1125796;Kraftforsyningen;EV8 S2D1 m8454;2022-05-01T00:00+02:00;2022-06-01T00:00+02:00;2022;5;5742;5218;6266;100;31;31;0;2;100;1;5346;395;104;145;65;81;76;5
31958V1125796;Kraftforsyningen;EV8 S2D1 m8454;2022-05-01T00:00+02:00;2022-06-01T00:00+02:00;2022;5;5620;5167;6073;100;31;31;0;1;100;2;5254;366;102;140;58;65;62;3
31958V1125796;Kraftforsyningen;EV8 S2D1 m8454;2022-05-01T00:00+02:00;2022-06-01T00:00+02:00;2022;5;5741;5217;6265;100;31;31;0;1;100;Totalt i retning TROMSDALEN;5346;395;104;145;65;81;76;5
31958V1125796;Kraftforsyningen;EV8 S2D1 m8454;2022-05-01T00:00+02:00;2022-06-01T00:00+02:00;2022;5;5620;5167;6073;100;31;31;0;0;100;Totalt i retning KROKEN;5254;366;102;140;58;65;62;3
31958V1125796;Kraftforsyningen;EV8 S2D1 m8454;2022-05-01T00:00+02:00;2022-06-01T00:00+02:00;2022;5;11361;10392;12330;100;31;31;0;1;100;Totalt;10600;760;206;285;123;146;138;8
31958V1125796;Kraftforsyningen;EV8 S2D1 m8454;2022-06-01T00:00+02:00;2022-07-01T00:00+02:00;2022;6;6202;5671;6733;96,7;30;29;1;0;100;1;5690;512;146;200;73;93;88;5
31958V1125796;Kraftforsyningen;EV8 S2D1 m8454;2022-06-01T00:00+02:00;2022-07-01T00:00+02:00;2022;6;5917;5511;6323;96,7;30;29;1;0;100;2;5445;472;145;185;66;76;72;4
31958V1125796;Kraftforsyningen;EV8 S2D1 m8454;2022-06-01T00:00+02:00;2022-07-01T00:00+02:00;2022;6;6201;5670;6732;96,7;30;29;1;0;100;Totalt i retning TROMSDALEN;5689;512;146;200;73;93;88;5
31958V1125796;Kraftforsyningen;EV8 S2D1 m8454;2022-06-01T00:00+02:00;2022-07-01T00:00+02:00;2022;6;5918;5512;6324;96,7;30;29;1;0;100;Totalt i retning KROKEN;5446;472;145;185;66;76;72;4
31958V1125796;Kraftforsyningen;EV8 S2D1 m8454;2022-06-01T00:00+02:00;2022-07-01T00:00+02:00;2022;6;12119;11190;13048;96,7;30;29;1;0;100;Totalt;11135;984;291;385;139;169;160;9
31958V1125796;Kraftforsyningen;EV8 S2D1 m8454;2022-07-01T00:00+02:00;2022-08-01T00:00+02:00;2022;7;4317;3991;4643;100;31;31;0;0;100;1;3956;361;104;144;42;70;66;4
31958V1125796;Kraftforsyningen;EV8 S2D1 m8454;2022-07-01T00:00+02:00;2022-08-01T00:00+02:00;2022;7;4214;3940;4488;100;31;31;0;1;100;2;3875;338;104;141;38;55;52;3
31958V1125796;Kraftforsyningen;EV8 S2D1 m8454;2022-07-01T00:00+02:00;2022-08-01T00:00+02:00;2022;7;4316;3990;4642;100;31;31;0;1;100;Totalt i retning TROMSDALEN;3955;361;104;144;42;70;66;4
31958V1125796;Kraftforsyningen;EV8 S2D1 m8454;2022-07-01T00:00+02:00;2022-08-01T00:00+02:00;2022;7;4216;3942;4490;100;31;31;0;1;100;Totalt i retning KROKEN;3877;338;104;141;38;55;52;3
31958V1125796;Kraftforsyningen;EV8 S2D1 m8454;2022-07-01T00:00+02:00;2022-08-01T00:00+02:00;2022;7;8531;7934;9128;100;31;31;0;0;100;Totalt;7831;699;208;284;80;127;119;8
31958V1125796;Kraftforsyningen;EV8 S2D1 m8454;2022-08-01T00:00+02:00;2022-09-01T00:00+02:00;2022;8;5421;4982;5860;100;31;31;0;1;100;1;5001;419;113;174;51;81;77;4
31958V1125796;Kraftforsyningen;EV8 S2D1 m8454;2022-08-01T00:00+02:00;2022-09-01T00:00+02:00;2022;8;5248;4902;5594;100;31;31;0;0;100;2;4865;383;112;166;42;63;60;3
31958V1125796;Kraftforsyningen;EV8 S2D1 m8454;2022-08-01T00:00+02:00;2022-09-01T00:00+02:00;2022;8;5420;4981;5859;100;31;31;0;0;100;Totalt i retning TROMSDALEN;5000;419;113;174;51;81;77;4
31958V1125796;Kraftforsyningen;EV8 S2D1 m8454;2022-08-01T00:00+02:00;2022-09-01T00:00+02:00;2022;8;5249;4903;5595;100;31;31;0;0;100;Totalt i retning KROKEN;4866;383;112;166;42;63;60;3
31958V1125796;Kraftforsyningen;EV8 S2D1 m8454;2022-08-01T00:00+02:00;2022-09-01T00:00+02:00;2022;8;10670;9890;11450;100;31;31;0;2;100;Totalt;9866;802;225;340;93;144;137;7
31958V1125796;Kraftforsyningen;EV8 S2D1 m8454;2022-09-01T00:00+02:00;2022-10-01T00:00+02:00;2022;9;5902;5472;6332;100;30;30;0;1;100;1;5442;459;122;185;62;89;85;4
31958V1125796;Kraftforsyningen;EV8 S2D1 m8454;2022-09-01T00:00+02:00;2022-10-01T00:00+02:00;2022;9;5687;5351;6023;100;30;30;0;0;100;2;5273;414;118;169;56;72;69;3
31958V1125796;Kraftforsyningen;EV8 S2D1 m8454;2022-09-01T00:00+02:00;2022-10-01T00:00+02:00;2022;9;5901;5471;6331;100;30;30;0;0;100;Totalt i retning TROMSDALEN;5442;459;122;185;62;89;85;4
31958V1125796;Kraftforsyningen;EV8 S2D1 m8454;2022-09-01T00:00+02:00;2022-10-01T00:00+02:00;2022;9;5688;5352;6024;100;30;30;0;0;100;Totalt i retning KROKEN;5273;414;118;169;56;72;69;3
31958V1125796;Kraftforsyningen;EV8 S2D1 m8454;2022-09-01T00:00+02:00;2022-10-01T00:00+02:00;2022;9;11589;10829;12349;100;30;30;0;0;100;Totalt;10715;874;239;354;118;163;155;8
31958V1125796;Kraftforsyningen;EV8 S2D1 m8454;2022-10-01T00:00+02:00;2022-11-01T00:00+01:00;2022;10;5539;5081;5997;100;31;31;0;0;100;1;5154;385;98;150;54;83;79;4
31958V1125796;Kraftforsyningen;EV8 S2D1 m8454;2022-10-01T00:00+02:00;2022-11-01T00:00+01:00;2022;10;5425;5036;5814;100;31;31;0;0;100;2;5070;355;95;142;51;67;64;3
31958V1125796;Kraftforsyningen;EV8 S2D1 m8454;2022-10-01T00:00+02:00;2022-11-01T00:00+01:00;2022;10;5539;5081;5997;100;31;31;0;0;100;Totalt i retning TROMSDALEN;5154;385;98;150;54;83;79;4
31958V1125796;Kraftforsyningen;EV8 S2D1 m8454;2022-10-01T00:00+02:00;2022-11-01T00:00+01:00;2022;10;5426;5037;5815;100;31;31;0;1;100;Totalt i retning KROKEN;5071;355;95;142;51;67;64;3
31958V1125796;Kraftforsyningen;EV8 S2D1 m8454;2022-10-01T00:00+02:00;2022-11-01T00:00+01:00;2022;10;10964;10120;11808;100;31;31;0;0;100;Totalt;10224;740;193;292;105;150;143;7
31958V1125796;Kraftforsyningen;EV8 S2D1 m8454;2022-11-01T00:00+01:00;2022-12-01T00:00+01:00;2022;11;5594;5197;5991;100;30;30;0;0;100;1;5215;379;101;138;55;84;80;4
31958V1125796;Kraftforsyningen;EV8 S2D1 m8454;2022-11-01T00:00+01:00;2022-12-01T00:00+01:00;2022;11;5421;5092;5750;100;30;30;0;0;100;2;5087;334;90;131;48;66;63;3
31958V1125796;Kraftforsyningen;EV8 S2D1 m8454;2022-11-01T00:00+01:00;2022-12-01T00:00+01:00;2022;11;5594;5197;5991;100;30;30;0;0;100;Totalt i retning TROMSDALEN;5214;379;101;138;55;84;80;4
31958V1125796;Kraftforsyningen;EV8 S2D1 m8454;2022-11-01T00:00+01:00;2022-12-01T00:00+01:00;2022;11;5422;5093;5751;100;30;30;0;0;100;Totalt i retning KROKEN;5088;334;89;131;48;66;63;3
31958V1125796;Kraftforsyningen;EV8 S2D1 m8454;2022-11-01T00:00+01:00;2022-12-01T00:00+01:00;2022;11;11016;10294;11738;100;30;30;0;1;100;Totalt;10302;714;191;269;104;151;143;8
31958V1125796;Kraftforsyningen;EV8 S2D1 m8454;2022-12-01T00:00+01:00;2023-01-01T00:00+01:00;2022;12;5348;4855;5841;100;31;31;0;0;100;1;5036;312;80;110;52;70;67;3
31958V1125796;Kraftforsyningen;EV8 S2D1 m8454;2022-12-01T00:00+01:00;2023-01-01T00:00+01:00;2022;12;5226;4773;5679;100;31;31;0;1;100;2;4955;271;72;102;43;53;50;3
31958V1125796;Kraftforsyningen;EV8 S2D1 m8454;2022-12-01T00:00+01:00;2023-01-01T00:00+01:00;2022;12;5347;4853;5841;100;31;31;0;0;100;Totalt i retning TROMSDALEN;5035;312;80;110;52;70;67;3
31958V1125796;Kraftforsyningen;EV8 S2D1 m8454;2022-12-01T00:00+01:00;2023-01-01T00:00+01:00;2022;12;5226;4774;5678;100;31;31;0;0;100;Totalt i retning KROKEN;4956;271;72;102;43;53;50;3
31958V1125796;Kraftforsyningen;EV8 S2D1 m8454;2022-12-01T00:00+01:00;2023-01-01T00:00+01:00;2022;12;10573;9628;11518;100;31;31;0;0;100;Totalt;9991;582;152;213;95;123;117;6
31958V1125796;Kraftforsyningen;EV8 S2D1 m8454;2023-01-01T00:00+01:00;2023-02-01T00:00+01:00;2023;1;5024;4647;5401;100;31;31;0;0;100;1;4688;335;87;113;57;78;74;4
31958V1125796;Kraftforsyningen;EV8 S2D1 m8454;2023-01-01T00:00+01:00;2023-02-01T00:00+01:00;2023;1;4983;4653;5313;100;31;31;0;0;100;2;4682;300;82;110;49;59;56;3
31958V1125796;Kraftforsyningen;EV8 S2D1 m8454;2023-01-01T00:00+01:00;2023-02-01T00:00+01:00;2023;1;5024;4647;5401;100;31;31;0;0;100;Totalt i retning TROMSDALEN;4688;335;87;113;57;78;74;4
31958V1125796;Kraftforsyningen;EV8 S2D1 m8454;2023-01-01T00:00+01:00;2023-02-01T00:00+01:00;2023;1;4983;4653;5313;100;31;31;0;0;100;Totalt i retning KROKEN;4682;300;82;110;49;59;56;3
31958V1125796;Kraftforsyningen;EV8 S2D1 m8454;2023-01-01T00:00+01:00;2023-02-01T00:00+01:00;2023;1;10006;9302;10710;100;31;31;0;0;100;Totalt;9371;635;169;224;106;137;130;7
31958V1125796;Kraftforsyningen;EV8 S2D1 m8454;2023-02-01T00:00+01:00;2023-03-01T00:00+01:00;2023;2;5225;4820;5630;100;28;28;0;1;100;1;4872;353;92;123;62;76;73;3
31958V1125796;Kraftforsyningen;EV8 S2D1 m8454;2023-02-01T00:00+01:00;2023-03-01T00:00+01:00;2023;2;5285;4904;5666;100;28;28;0;0;100;2;4959;326;86;123;57;60;57;3
31958V1125796;Kraftforsyningen;EV8 S2D1 m8454;2023-02-01T00:00+01:00;2023-03-01T00:00+01:00;2023;2;5224;4819;5629;100;28;28;0;0;100;Totalt i retning TROMSDALEN;4871;353;92;123;62;76;73;3
31958V1125796;Kraftforsyningen;EV8 S2D1 m8454;2023-02-01T00:00+01:00;2023-03-01T00:00+01:00;2023;2;5286;4905;5667;100;28;28;0;0;100;Totalt i retning KROKEN;4959;326;86;123;57;60;57;3
31958V1125796;Kraftforsyningen;EV8 S2D1 m8454;2023-02-01T00:00+01:00;2023-03-01T00:00+01:00;2023;2;10510;9749;11271;100;28;28;0;0;100;Totalt;9831;679;178;246;119;136;130;6
31958V1125796;Kraftforsyningen;EV8 S2D1 m8454;2023-03-01T00:00+01:00;2023-04-01T00:00+02:00;2023;3;5380;5009;5751;100;31;31;0;5;99,9;1;4994;381;94;135;68;84;80;4
31958V1125796;Kraftforsyningen;EV8 S2D1 m8454;2023-03-01T00:00+01:00;2023-04-01T00:00+02:00;2023;3;5247;4937;5557;100;31;31;0;0;100;2;4909;338;93;125;59;62;58;4
31958V1125796;Kraftforsyningen;EV8 S2D1 m8454;2023-03-01T00:00+01:00;2023-04-01T00:00+02:00;2023;3;5380;5009;5751;100;31;31;0;5;99,9;Totalt i retning TROMSDALEN;4994;381;94;135;68;84;80;4
31958V1125796;Kraftforsyningen;EV8 S2D1 m8454;2023-03-01T00:00+01:00;2023-04-01T00:00+02:00;2023;3;5247;4937;5557;100;31;31;0;0;100;Totalt i retning KROKEN;4909;338;93;125;59;62;58;4
31958V1125796;Kraftforsyningen;EV8 S2D1 m8454;2023-03-01T00:00+01:00;2023-04-01T00:00+02:00;2023;3;10628;9951;11305;100;31;31;0;6;99,9;Totalt;9903;719;186;260;127;146;138;8
31958V1125796;Kraftforsyningen;EV8 S2D1 m8454;2023-04-01T00:00+02:00;2023-05-01T00:00+02:00;2023;4;4931;4374;5488;100;30;30;0;0;100;1;4629;302;75;112;48;68;64;4
31958V1125796;Kraftforsyningen;EV8 S2D1 m8454;2023-04-01T00:00+02:00;2023-05-01T00:00+02:00;2023;4;4815;4315;5315;100;30;30;0;1;100;2;4545;269;73;103;44;49;46;3
31958V1125796;Kraftforsyningen;EV8 S2D1 m8454;2023-04-01T00:00+02:00;2023-05-01T00:00+02:00;2023;4;4931;4374;5488;100;30;30;0;0;100;Totalt i retning TROMSDALEN;4628;302;75;112;48;68;64;4
31958V1125796;Kraftforsyningen;EV8 S2D1 m8454;2023-04-01T00:00+02:00;2023-05-01T00:00+02:00;2023;4;4815;4316;5314;100;30;30;0;0;100;Totalt i retning KROKEN;4546;269;73;103;44;49;46;3
31958V1125796;Kraftforsyningen;EV8 S2D1 m8454;2023-04-01T00:00+02:00;2023-05-01T00:00+02:00;2023;4;9746;8693;10799;100;30;30;0;0;100;Totalt;9174;572;148;216;92;117;110;7
68511V2673383;Tromsøysundtunnelen T1;EV8 S2D1 m2967;2022-01-01T00:00+01:00;2022-02-01T00:00+01:00;2022;1;654;531;777;100;31;31;0;1;99,8;1;607;46;39;6;1;0;0;0
68511V2673383;Tromsøysundtunnelen T1;EV8 S2D1 m2967;2022-01-01T00:00+01:00;2022-02-01T00:00+01:00;2022;1;4411;3955;4867;100;31;31;0;1;100;3;3986;423;150;128;73;73;69;4
68511V2673383;Tromsøysundtunnelen T1;EV8 S2D1 m2967;2022-01-01T00:00+01:00;2022-02-01T00:00+01:00;2022;1;2;1;3;100;31;31;0;1;50;Totalt i retning Tromsøya;1;1;0;0;0;0;0;0
68511V2673383;Tromsøysundtunnelen T1;EV8 S2D1 m2967;2022-01-01T00:00+01:00;2022-02-01T00:00+01:00;2022;1;5063;4487;5639;100;31;31;0;1;100;Totalt i retning Tomasjord;4593;469;188;134;73;74;70;4
68511V2673383;Tromsøysundtunnelen T1;EV8 S2D1 m2967;2022-01-01T00:00+01:00;2022-02-01T00:00+01:00;2022;1;5064;4488;5640;100;31;31;0;1;100;Totalt;4593;470;189;134;73;74;70;4
68511V2673383;Tromsøysundtunnelen T1;EV8 S2D1 m2967;2022-02-01T00:00+01:00;2022-03-01T00:00+01:00;2022;2;899;574;1224;100;28;28;0;0;100;1;830;69;52;11;3;4;4;0
68511V2673383;Tromsøysundtunnelen T1;EV8 S2D1 m2967;2022-02-01T00:00+01:00;2022-03-01T00:00+01:00;2022;2;4740;4196;5284;100;28;28;0;1;100;3;4292;447;151;135;82;80;75;5
68511V2673383;Tromsøysundtunnelen T1;EV8 S2D1 m2967;2022-02-01T00:00+01:00;2022-03-01T00:00+01:00;2022;2;0;0;0;100;28;28;0;0;-;Totalt i retning Tromsøya;0;0;0;0;0;0;0;0
68511V2673383;Tromsøysundtunnelen T1;EV8 S2D1 m2967;2022-02-01T00:00+01:00;2022-03-01T00:00+01:00;2022;2;5638;5063;6213;100;28;28;0;0;100;Totalt i retning Tomasjord;5122;516;203;146;84;83;78;5
68511V2673383;Tromsøysundtunnelen T1;EV8 S2D1 m2967;2022-02-01T00:00+01:00;2022-03-01T00:00+01:00;2022;2;5639;5064;6214;100;28;28;0;1;100;Totalt;5122;516;203;146;84;83;78;5
68511V2673383;Tromsøysundtunnelen T1;EV8 S2D1 m2967;2022-03-01T00:00+01:00;2022-04-01T00:00+02:00;2022;3;775;644;906;100;31;31;0;1;99,9;1;720;54;44;8;1;1;1;0
68511V2673383;Tromsøysundtunnelen T1;EV8 S2D1 m2967;2022-03-01T00:00+01:00;2022-04-01T00:00+02:00;2022;3;4937;4507;5367;100;31;31;0;1;100;3;4464;472;163;139;85;85;80;5
68511V2673383;Tromsøysundtunnelen T1;EV8 S2D1 m2967;2022-03-01T00:00+01:00;2022-04-01T00:00+02:00;2022;3;1;0;2;100;31;31;0;0;100;Totalt i retning Tromsøya;0;0;0;0;0;0;0;0
68511V2673383;Tromsøysundtunnelen T1;EV8 S2D1 m2967;2022-03-01T00:00+01:00;2022-04-01T00:00+02:00;2022;3;5711;5156;6266;100;31;31;0;1;100;Totalt i retning Tomasjord;5184;526;207;147;87;86;81;5
68511V2673383;Tromsøysundtunnelen T1;EV8 S2D1 m2967;2022-03-01T00:00+01:00;2022-04-01T00:00+02:00;2022;3;5711;5155;6267;100;31;31;0;0;100;Totalt;5184;526;207;147;87;86;81;5
68511V2673383;Tromsøysundtunnelen T1;EV8 S2D1 m2967;2022-04-01T00:00+02:00;2022-05-01T00:00+02:00;2022;4;662;494;830;100;30;30;0;0;100;1;617;45;37;6;1;1;1;0
68511V2673383;Tromsøysundtunnelen T1;EV8 S2D1 m2967;2022-04-01T00:00+02:00;2022-05-01T00:00+02:00;2022;4;4468;3894;5042;100;30;30;0;0;100;3;4052;415;139;128;74;74;69;5
68511V2673383;Tromsøysundtunnelen T1;EV8 S2D1 m2967;2022-04-01T00:00+02:00;2022-05-01T00:00+02:00;2022;4;0;0;0;100;30;30;0;0;-;Totalt i retning Tromsøya;0;0;0;0;0;0;0;0
68511V2673383;Tromsøysundtunnelen T1;EV8 S2D1 m2967;2022-04-01T00:00+02:00;2022-05-01T00:00+02:00;2022;4;5130;4412;5848;100;30;30;0;0;100;Totalt i retning Tomasjord;4669;460;175;134;76;75;70;5
68511V2673383;Tromsøysundtunnelen T1;EV8 S2D1 m2967;2022-04-01T00:00+02:00;2022-05-01T00:00+02:00;2022;4;5130;4412;5848;100;30;30;0;0;100;Totalt;4669;460;175;134;76;75;70;5
68511V2673383;Tromsøysundtunnelen T1;EV8 S2D1 m2967;2022-05-01T00:00+02:00;2022-06-01T00:00+02:00;2022;5;922;626;1218;100;31;31;0;1;99,9;1;846;75;52;16;3;4;4;0
68511V2673383;Tromsøysundtunnelen T1;EV8 S2D1 m2967;2022-05-01T00:00+02:00;2022-06-01T00:00+02:00;2022;5;4671;4170;5172;100;31;31;0;1;100;3;4187;482;151;164;81;85;80;5
68511V2673383;Tromsøysundtunnelen T1;EV8 S2D1 m2967;2022-05-01T00:00+02:00;2022-06-01T00:00+02:00;2022;5;2;0;4;100;31;31;0;0;100;Totalt i retning Tromsøya;0;1;0;1;0;0;0;0
68511V2673383;Tromsøysundtunnelen T1;EV8 S2D1 m2967;2022-05-01T00:00+02:00;2022-06-01T00:00+02:00;2022;5;5590;4945;6235;100;31;31;0;1;100;Totalt i retning Tomasjord;5033;556;202;179;84;91;85;6
68511V2673383;Tromsøysundtunnelen T1;EV8 S2D1 m2967;2022-05-01T00:00+02:00;2022-06-01T00:00+02:00;2022;5;5592;4946;6238;100;31;31;0;1;100;Totalt;5033;557;202;180;84;91;85;6
68511V2673383;Tromsøysundtunnelen T1;EV8 S2D1 m2967;2022-06-01T00:00+02:00;2022-07-01T00:00+02:00;2022;6;1015;733;1297;100;30;30;0;1;99,9;1;932;83;57;19;3;3;3;0
68511V2673383;Tromsøysundtunnelen T1;EV8 S2D1 m2967;2022-06-01T00:00+02:00;2022-07-01T00:00+02:00;2022;6;5138;4602;5674;100;30;30;0;0;100;3;4525;613;195;225;94;98;93;5
68511V2673383;Tromsøysundtunnelen T1;EV8 S2D1 m2967;2022-06-01T00:00+02:00;2022-07-01T00:00+02:00;2022;6;0;-1;1;100;30;30;0;0;-;Totalt i retning Tromsøya;0;0;0;0;0;0;0;0
68511V2673383;Tromsøysundtunnelen T1;EV8 S2D1 m2967;2022-06-01T00:00+02:00;2022-07-01T00:00+02:00;2022;6;6152;5443;6861;100;30;30;0;0;100;Totalt i retning Tomasjord;5456;696;252;245;98;102;96;6
68511V2673383;Tromsøysundtunnelen T1;EV8 S2D1 m2967;2022-06-01T00:00+02:00;2022-07-01T00:00+02:00;2022;6;6153;5444;6862;100;30;30;0;1;100;Totalt;5457;696;252;245;98;102;96;6
68511V2673383;Tromsøysundtunnelen T1;EV8 S2D1 m2967;2022-07-01T00:00+02:00;2022-08-01T00:00+02:00;2022;7;385;317;453;100;31;31;0;0;100;1;355;30;23;6;0;0;0;0
68511V2673383;Tromsøysundtunnelen T1;EV8 S2D1 m2967;2022-07-01T00:00+02:00;2022-08-01T00:00+02:00;2022;7;3592;3252;3932;100;31;31;0;0;100;3;3170;422;138;156;57;70;65;5
68511V2673383;Tromsøysundtunnelen T1;EV8 S2D1 m2967;2022-07-01T00:00+02:00;2022-08-01T00:00+02:00;2022;7;0;0;0;100;31;31;0;0;-;Totalt i retning Tromsøya;0;0;0;0;0;0;0;0
68511V2673383;Tromsøysundtunnelen T1;EV8 S2D1 m2967;2022-07-01T00:00+02:00;2022-08-01T00:00+02:00;2022;7;3977;3570;4384;100;31;31;0;0;100;Totalt i retning Tomasjord;3525;452;161;162;58;71;66;5
68511V2673383;Tromsøysundtunnelen T1;EV8 S2D1 m2967;2022-07-01T00:00+02:00;2022-08-01T00:00+02:00;2022;7;3977;3570;4384;100;31;31;0;0;100;Totalt;3525;452;161;162;58;71;66;5
68511V2673383;Tromsøysundtunnelen T1;EV8 S2D1 m2967;2022-08-01T00:00+02:00;2022-09-01T00:00+02:00;2022;8;753;611;895;100;31;31;0;0;100;1;693;60;42;14;1;2;2;0
68511V2673383;Tromsøysundtunnelen T1;EV8 S2D1 m2967;2022-08-01T00:00+02:00;2022-09-01T00:00+02:00;2022;8;4641;4190;5092;100;31;31;0;0;100;3;4114;526;172;196;72;86;81;5
68511V2673383;Tromsøysundtunnelen T1;EV8 S2D1 m2967;2022-08-01T00:00+02:00;2022-09-01T00:00+02:00;2022;8;0;0;0;100;31;31;0;0;-;Totalt i retning Tromsøya;-;-;-;-;-;-;-;-
68511V2673383;Tromsøysundtunnelen T1;EV8 S2D1 m2967;2022-08-01T00:00+02:00;2022-09-01T00:00+02:00;2022;8;5394;4817;5971;100;31;31;0;0;100;Totalt i retning Tomasjord;4808;586;214;211;73;88;83;5
68511V2673383;Tromsøysundtunnelen T1;EV8 S2D1 m2967;2022-08-01T00:00+02:00;2022-09-01T00:00+02:00;2022;8;5394;4817;5971;100;31;31;0;0;100;Totalt;4808;586;214;211;73;88;83;5
68511V2673383;Tromsøysundtunnelen T1;EV8 S2D1 m2967;2022-09-01T00:00+02:00;2022-10-01T00:00+02:00;2022;9;828;691;965;100;30;30;0;0;100;1;772;55;43;10;1;1;1;0
68511V2673383;Tromsøysundtunnelen T1;EV8 S2D1 m2967;2022-09-01T00:00+02:00;2022-10-01T00:00+02:00;2022;9;5067;4615;5519;100;30;30;0;1;100;3;4482;585;200;207;87;91;86;5
68511V2673383;Tromsøysundtunnelen T1;EV8 S2D1 m2967;2022-09-01T00:00+02:00;2022-10-01T00:00+02:00;2022;9;0;0;0;100;30;30;0;0;-;Totalt i retning Tromsøya;-;-;-;-;-;-;-;-
68511V2673383;Tromsøysundtunnelen T1;EV8 S2D1 m2967;2022-09-01T00:00+02:00;2022-10-01T00:00+02:00;2022;9;5894;5307;6481;100;30;30;0;0;100;Totalt i retning Tomasjord;5254;640;243;217;88;91;86;5
68511V2673383;Tromsøysundtunnelen T1;EV8 S2D1 m2967;2022-09-01T00:00+02:00;2022-10-01T00:00+02:00;2022;9;5894;5307;6481;100;30;30;0;0;100;Totalt;5254;640;243;217;88;91;86;5
68511V2673383;Tromsøysundtunnelen T1;EV8 S2D1 m2967;2022-10-01T00:00+02:00;2022-11-01T00:00+01:00;2022;10;871;637;1105;100;31;31;0;1;99,9;1;801;70;51;14;2;2;2;0
68511V2673383;Tromsøysundtunnelen T1;EV8 S2D1 m2967;2022-10-01T00:00+02:00;2022-11-01T00:00+01:00;2022;10;4697;4248;5146;100;31;31;0;1;100;3;4194;501;163;176;79;84;79;5
68511V2673383;Tromsøysundtunnelen T1;EV8 S2D1 m2967;2022-10-01T00:00+02:00;2022-11-01T00:00+01:00;2022;10;1;-1;3;100;31;31;0;1;0;Totalt i retning Tromsøya;-;-;-;-;-;-;-;-
68511V2673383;Tromsøysundtunnelen T1;EV8 S2D1 m2967;2022-10-01T00:00+02:00;2022-11-01T00:00+01:00;2022;10;5566;4987;6145;100;31;31;0;1;100;Totalt i retning Tomasjord;4995;570;213;190;81;86;81;5
68511V2673383;Tromsøysundtunnelen T1;EV8 S2D1 m2967;2022-10-01T00:00+02:00;2022-11-01T00:00+01:00;2022;10;5567;4988;6146;100;31;31;0;1;100;Totalt;4995;571;213;191;81;86;81;5
68511V2673383;Tromsøysundtunnelen T1;EV8 S2D1 m2967;2022-11-01T00:00+01:00;2022-12-01T00:00+01:00;2022;11;745;614;876;100;30;30;0;0;100;1;698;47;40;5;1;0;0;0
68511V2673383;Tromsøysundtunnelen T1;EV8 S2D1 m2967;2022-11-01T00:00+01:00;2022-12-01T00:00+01:00;2022;11;4942;4483;5401;100;30;30;0;0;100;3;4405;537;194;170;82;90;85;5
68511V2673383;Tromsøysundtunnelen T1;EV8 S2D1 m2967;2022-11-01T00:00+01:00;2022-12-01T00:00+01:00;2022;11;0;0;0;100;30;30;0;0;-;Totalt i retning Tromsøya;-;-;-;-;-;-;-;-
68511V2673383;Tromsøysundtunnelen T1;EV8 S2D1 m2967;2022-11-01T00:00+01:00;2022-12-01T00:00+01:00;2022;11;5687;5115;6259;100;30;30;0;1;100;Totalt i retning Tomasjord;5103;583;234;175;83;90;85;5
68511V2673383;Tromsøysundtunnelen T1;EV8 S2D1 m2967;2022-11-01T00:00+01:00;2022-12-01T00:00+01:00;2022;11;5687;5115;6259;100;30;30;0;1;100;Totalt;5103;583;234;175;83;90;85;5
68511V2673383;Tromsøysundtunnelen T1;EV8 S2D1 m2967;2022-12-01T00:00+01:00;2023-01-01T00:00+01:00;2022;12;718;518;918;100;31;31;0;0;100;1;669;49;39;7;2;1;1;0
68511V2673383;Tromsøysundtunnelen T1;EV8 S2D1 m2967;2022-12-01T00:00+01:00;2023-01-01T00:00+01:00;2022;12;4343;3874;4812;100;31;31;0;0;100;3;3952;391;134;116;70;70;66;4
68511V2673383;Tromsøysundtunnelen T1;EV8 S2D1 m2967;2022-12-01T00:00+01:00;2023-01-01T00:00+01:00;2022;12;0;0;0;100;31;31;0;0;-;Totalt i retning Tromsøya;-;-;-;-;-;-;-;-
68511V2673383;Tromsøysundtunnelen T1;EV8 S2D1 m2967;2022-12-01T00:00+01:00;2023-01-01T00:00+01:00;2022;12;5061;4473;5649;100;31;31;0;0;100;Totalt i retning Tomasjord;4621;440;173;123;72;72;67;5
68511V2673383;Tromsøysundtunnelen T1;EV8 S2D1 m2967;2022-12-01T00:00+01:00;2023-01-01T00:00+01:00;2022;12;5062;4474;5650;100;31;31;0;1;100;Totalt;4621;440;173;123;72;72;67;5
68511V2673383;Tromsøysundtunnelen T1;EV8 S2D1 m2967;2023-01-01T00:00+01:00;2023-02-01T00:00+01:00;2023;1;692;519;865;100;31;31;0;1;99,9;1;626;66;47;13;2;3;3;0
68511V2673383;Tromsøysundtunnelen T1;EV8 S2D1 m2967;2023-01-01T00:00+01:00;2023-02-01T00:00+01:00;2023;1;4102;3726;4478;100;31;31;0;1;100;3;3686;415;135;123;80;78;73;5
68511V2673383;Tromsøysundtunnelen T1;EV8 S2D1 m2967;2023-01-01T00:00+01:00;2023-02-01T00:00+01:00;2023;1;1;-1;3;100;31;31;0;1;0;Totalt i retning Tromsøya;-;-;-;-;-;-;-;-
68511V2673383;Tromsøysundtunnelen T1;EV8 S2D1 m2967;2023-01-01T00:00+01:00;2023-02-01T00:00+01:00;2023;1;4793;4312;5274;100;31;31;0;1;100;Totalt i retning Tomasjord;4312;480;182;135;82;81;76;5
68511V2673383;Tromsøysundtunnelen T1;EV8 S2D1 m2967;2023-01-01T00:00+01:00;2023-02-01T00:00+01:00;2023;1;4794;4313;5275;100;31;31;0;1;100;Totalt;4312;481;182;136;82;81;76;5
68511V2673383;Tromsøysundtunnelen T1;EV8 S2D1 m2967;2023-02-01T00:00+01:00;2023-03-01T00:00+01:00;2023;2;732;489;975;100;28;28;0;0;100;1;662;69;50;12;3;4;4;0
68511V2673383;Tromsøysundtunnelen T1;EV8 S2D1 m2967;2023-02-01T00:00+01:00;2023-03-01T00:00+01:00;2023;2;3974;3570;4378;100;28;28;0;1;100;3;3570;403;131;120;77;74;70;4
68511V2673383;Tromsøysundtunnelen T1;EV8 S2D1 m2967;2023-02-01T00:00+01:00;2023-03-01T00:00+01:00;2023;2;0;0;0;100;28;28;0;0;-;Totalt i retning Tromsøya;-;-;-;-;-;-;-;-
68511V2673383;Tromsøysundtunnelen T1;EV8 S2D1 m2967;2023-02-01T00:00+01:00;2023-03-01T00:00+01:00;2023;2;4705;4218;5192;100;28;28;0;0;100;Totalt i retning Tomasjord;4233;472;181;132;80;79;74;5
68511V2673383;Tromsøysundtunnelen T1;EV8 S2D1 m2967;2023-02-01T00:00+01:00;2023-03-01T00:00+01:00;2023;2;4705;4218;5192;100;28;28;0;0;100;Totalt;4233;472;181;132;80;79;74;5
68511V2673383;Tromsøysundtunnelen T1;EV8 S2D1 m2967;2023-03-01T00:00+01:00;2023-04-01T00:00+02:00;2023;3;646;542;750;100;31;31;0;0;100;1;598;48;40;6;1;1;1;0
68511V2673383;Tromsøysundtunnelen T1;EV8 S2D1 m2967;2023-03-01T00:00+01:00;2023-04-01T00:00+02:00;2023;3;4399;4051;4747;100;31;31;0;0;100;3;3929;470;156;140;87;86;81;5
68511V2673383;Tromsøysundtunnelen T1;EV8 S2D1 m2967;2023-03-01T00:00+01:00;2023-04-01T00:00+02:00;2023;3;0;0;0;100;31;31;0;0;-;Totalt i retning Tromsøya;-;-;-;-;-;-;-;-
68511V2673383;Tromsøysundtunnelen T1;EV8 S2D1 m2967;2023-03-01T00:00+01:00;2023-04-01T00:00+02:00;2023;3;5044;4595;5493;100;31;31;0;0;100;Totalt i retning Tomasjord;4527;517;196;147;88;87;82;5
68511V2673383;Tromsøysundtunnelen T1;EV8 S2D1 m2967;2023-03-01T00:00+01:00;2023-04-01T00:00+02:00;2023;3;5045;4596;5494;100;31;31;0;0;100;Totalt;4527;518;196;147;88;87;82;5
68511V2673383;Tromsøysundtunnelen T1;EV8 S2D1 m2967;2023-04-01T00:00+02:00;2023-05-01T00:00+02:00;2023;4;544;387;701;100;30;30;0;0;100;1;499;45;35;8;1;1;1;0
68511V2673383;Tromsøysundtunnelen T1;EV8 S2D1 m2967;2023-04-01T00:00+02:00;2023-05-01T00:00+02:00;2023;4;3888;3394;4382;100;30;30;0;0;100;3;3522;365;116;116;65;67;63;4
68511V2673383;Tromsøysundtunnelen T1;EV8 S2D1 m2967;2023-04-01T00:00+02:00;2023-05-01T00:00+02:00;2023;4;1;0;2;100;30;30;0;1;0;Totalt i retning Tromsøya;-;-;-;-;-;-;-;-
68511V2673383;Tromsøysundtunnelen T1;EV8 S2D1 m2967;2023-04-01T00:00+02:00;2023-05-01T00:00+02:00;2023;4;4431;3808;5054;100;30;30;0;0;100;Totalt i retning Tomasjord;4021;410;151;124;66;70;65;5
68511V2673383;Tromsøysundtunnelen T1;EV8 S2D1 m2967;2023-04-01T00:00+02:00;2023-05-01T00:00+02:00;2023;4;4432;3809;5055;100;30;30;0;1;100;Totalt;4021;410;151;124;66;70;65;5
79743V1125914;TROMSØBRUA;FV862 S1D1 m1705;2022-01-01T00:00+01:00;2022-02-01T00:00+01:00;2022;1;8347;7867;8827;100;31;31;0;9;99,9;1;7844;494;108;96;278;12;11;1
79743V1125914;TROMSØBRUA;FV862 S1D1 m1705;2022-01-01T00:00+01:00;2022-02-01T00:00+01:00;2022;1;8169;7661;8677;100;31;31;0;2;100;2;7307;860;379;153;287;40;40;0
79743V1125914;TROMSØBRUA;FV862 S1D1 m1705;2022-01-01T00:00+01:00;2022-02-01T00:00+01:00;2022;1;8174;7665;8683;100;31;31;0;2;100;Totalt i retning TROMSDALEN;7310;862;380;153;288;40;40;0
79743V1125914;TROMSØBRUA;FV862 S1D1 m1705;2022-01-01T00:00+01:00;2022-02-01T00:00+01:00;2022;1;8343;7864;8822;100;31;31;0;10;99,9;Totalt i retning TROMSØYA;7842;492;106;95;278;12;11;1
79743V1125914;TROMSØBRUA;FV862 S1D1 m1705;2022-01-01T00:00+01:00;2022-02-01T00:00+01:00;2022;1;16517;15531;17503;100;31;31;0;12;99,9;Totalt;15152;1354;487;249;565;52;51;1
79743V1125914;TROMSØBRUA;FV862 S1D1 m1705;2022-02-01T00:00+01:00;2022-03-01T00:00+01:00;2022;2;9101;8727;9475;100;28;28;0;11;99,9;1;8549;541;123;107;294;17;16;1
79743V1125914;TROMSØBRUA;FV862 S1D1 m1705;2022-02-01T00:00+01:00;2022-03-01T00:00+01:00;2022;2;8900;8506;9294;100;28;28;0;4;100;2;7966;930;416;164;304;46;46;0
79743V1125914;TROMSØBRUA;FV862 S1D1 m1705;2022-02-01T00:00+01:00;2022-03-01T00:00+01:00;2022;2;8907;8512;9302;100;28;28;0;4;100;Totalt i retning TROMSDALEN;7969;934;418;165;304;47;47;0
79743V1125914;TROMSØBRUA;FV862 S1D1 m1705;2022-02-01T00:00+01:00;2022-03-01T00:00+01:00;2022;2;9095;8721;9469;100;28;28;0;12;99,9;Totalt i retning TROMSØYA;8546;538;121;106;294;16;15;1
79743V1125914;TROMSØBRUA;FV862 S1D1 m1705;2022-02-01T00:00+01:00;2022-03-01T00:00+01:00;2022;2;18001;17236;18766;100;28;28;0;15;99,9;Totalt;16515;1472;539;271;598;64;62;2
79743V1125914;TROMSØBRUA;FV862 S1D1 m1705;2022-03-01T00:00+01:00;2022-04-01T00:00+02:00;2022;3;9450;9138;9762;100;31;31;0;12;99,9;1;8874;565;136;113;298;18;17;1
79743V1125914;TROMSØBRUA;FV862 S1D1 m1705;2022-03-01T00:00+01:00;2022-04-01T00:00+02:00;2022;3;9297;8964;9630;100;31;31;0;2;100;2;8311;984;452;173;305;54;54;0
79743V1125914;TROMSØBRUA;FV862 S1D1 m1705;2022-03-01T00:00+01:00;2022-04-01T00:00+02:00;2022;3;9301;8967;9635;100;31;31;0;2;100;Totalt i retning TROMSDALEN;8313;986;453;174;305;54;54;0
79743V1125914;TROMSØBRUA;FV862 S1D1 m1705;2022-03-01T00:00+01:00;2022-04-01T00:00+02:00;2022;3;9446;9134;9758;100;31;31;0;12;99,9;Totalt i retning TROMSØYA;8872;562;134;113;298;18;17;1
79743V1125914;TROMSØBRUA;FV862 S1D1 m1705;2022-03-01T00:00+01:00;2022-04-01T00:00+02:00;2022;3;18747;18108;19386;100;31;31;0;14;99,9;Totalt;17185;1548;587;286;602;72;71;1
79743V1125914;TROMSØBRUA;FV862 S1D1 m1705;2022-04-01T00:00+02:00;2022-05-01T00:00+02:00;2022;4;9061;8438;9684;100;30;30;0;9;99,9;1;8537;516;123;115;263;15;14;1
79743V1125914;TROMSØBRUA;FV862 S1D1 m1705;2022-04-01T00:00+02:00;2022-05-01T00:00+02:00;2022;4;8928;8250;9606;100;30;30;0;2;100;2;8048;878;399;163;268;48;48;0
79743V1125914;TROMSØBRUA;FV862 S1D1 m1705;2022-04-01T00:00+02:00;2022-05-01T00:00+02:00;2022;4;8931;8253;9609;100;30;30;0;2;100;Totalt i retning TROMSDALEN;8049;880;400;164;269;48;48;0
79743V1125914;TROMSØBRUA;FV862 S1D1 m1705;2022-04-01T00:00+02:00;2022-05-01T00:00+02:00;2022;4;9058;8435;9681;100;30;30;0;9;99,9;Totalt i retning TROMSØYA;8536;514;122;115;262;15;14;1
79743V1125914;TROMSØBRUA;FV862 S1D1 m1705;2022-04-01T00:00+02:00;2022-05-01T00:00+02:00;2022;4;17989;16707;19271;100;30;30;0;11;99,9;Totalt;16585;1394;522;278;530;63;62;1
79743V1125914;TROMSØBRUA;FV862 S1D1 m1705;2022-05-01T00:00+02:00;2022-06-01T00:00+02:00;2022;5;9862;9339;10385;100;31;31;0;12;99,9;1;9242;607;172;141;275;20;19;1
79743V1125914;TROMSØBRUA;FV862 S1D1 m1705;2022-05-01T00:00+02:00;2022-06-01T00:00+02:00;2022;5;9785;9219;10351;100;31;31;0;5;99,9;2;8759;1022;472;212;283;54;54;0
79743V1125914;TROMSØBRUA;FV862 S1D1 m1705;2022-05-01T00:00+02:00;2022-06-01T00:00+02:00;2022;5;9796;9230;10362;100;31;31;0;5;99,9;Totalt i retning TROMSDALEN;8766;1025;473;213;284;54;54;0
79743V1125914;TROMSØBRUA;FV862 S1D1 m1705;2022-05-01T00:00+02:00;2022-06-01T00:00+02:00;2022;5;9851;9328;10374;100;31;31;0;12;99,9;Totalt i retning TROMSØYA;9236;604;171;140;274;19;18;1
79743V1125914;TROMSØBRUA;FV862 S1D1 m1705;2022-05-01T00:00+02:00;2022-06-01T00:00+02:00;2022;5;19647;18563;20731;100;31;31;0;17;99,9;Totalt;18001;1629;644;353;558;74;73;1
79743V1125914;TROMSØBRUA;FV862 S1D1 m1705;2022-06-01T00:00+02:00;2022-07-01T00:00+02:00;2022;6;10248;9777;10719;100;30;30;0;16;99,8;1;9532;700;229;176;274;22;21;1
79743V1125914;TROMSØBRUA;FV862 S1D1 m1705;2022-06-01T00:00+02:00;2022-07-01T00:00+02:00;2022;6;10155;9642;10668;100;30;30;0;8;99,9;2;8976;1171;557;259;297;59;58;1
79743V1125914;TROMSØBRUA;FV862 S1D1 m1705;2022-06-01T00:00+02:00;2022-07-01T00:00+02:00;2022;6;10160;9646;10674;100;30;30;0;9;99,9;Totalt i retning TROMSDALEN;8978;1173;558;260;297;59;58;1
79743V1125914;TROMSØBRUA;FV862 S1D1 m1705;2022-06-01T00:00+02:00;2022-07-01T00:00+02:00;2022;6;10244;9774;10714;100;30;30;0;16;99,8;Totalt i retning TROMSØYA;9530;698;227;175;274;22;21;1
79743V1125914;TROMSØBRUA;FV862 S1D1 m1705;2022-06-01T00:00+02:00;2022-07-01T00:00+02:00;2022;6;20403;19425;21381;100;30;30;0;24;99,9;Totalt;18508;1871;786;435;571;80;78;2
79743V1125914;TROMSØBRUA;FV862 S1D1 m1705;2022-07-01T00:00+02:00;2022-08-01T00:00+02:00;2022;7;8300;7967;8633;100;31;31;0;9;99,9;1;7712;579;192;146;230;11;10;1
79743V1125914;TROMSØBRUA;FV862 S1D1 m1705;2022-07-01T00:00+02:00;2022-08-01T00:00+02:00;2022;7;8311;7908;8714;100;31;31;0;2;100;2;7385;924;408;223;249;43;43;0
79743V1125914;TROMSØBRUA;FV862 S1D1 m1705;2022-07-01T00:00+02:00;2022-08-01T00:00+02:00;2022;7;8317;7913;8721;100;31;31;0;2;100;Totalt i retning TROMSDALEN;7387;928;409;225;250;43;43;0
79743V1125914;TROMSØBRUA;FV862 S1D1 m1705;2022-07-01T00:00+02:00;2022-08-01T00:00+02:00;2022;7;8294;7961;8627;100;31;31;0;8;99,9;Totalt i retning TROMSØYA;7710;575;191;144;230;11;10;1
79743V1125914;TROMSØBRUA;FV862 S1D1 m1705;2022-07-01T00:00+02:00;2022-08-01T00:00+02:00;2022;7;16611;15883;17339;100;31;31;0;11;99,9;Totalt;15097;1503;600;369;480;54;53;1
79743V1125914;TROMSØBRUA;FV862 S1D1 m1705;2022-08-01T00:00+02:00;2022-09-01T00:00+02:00;2022;8;9783;9398;10168;100;31;31;0;10;99,9;1;9175;598;186;157;241;14;13;1
79743V1125914;TROMSØBRUA;FV862 S1D1 m1705;2022-08-01T00:00+02:00;2022-09-01T00:00+02:00;2022;8;9576;9160;9992;100;31;31;0;2;100;2;8582;992;440;238;262;52;52;0
79743V1125914;TROMSØBRUA;FV862 S1D1 m1705;2022-08-01T00:00+02:00;2022-09-01T00:00+02:00;2022;8;9581;9165;9997;100;31;31;0;2;100;Totalt i retning TROMSDALEN;8584;995;441;239;262;52;52;0
79743V1125914;TROMSØBRUA;FV862 S1D1 m1705;2022-08-01T00:00+02:00;2022-09-01T00:00+02:00;2022;8;9778;9394;10162;100;31;31;0;10;99,9;Totalt i retning TROMSØYA;9173;594;185;155;241;14;13;1
79743V1125914;TROMSØBRUA;FV862 S1D1 m1705;2022-08-01T00:00+02:00;2022-09-01T00:00+02:00;2022;8;19359;18564;20154;100;31;31;0;13;99,9;Totalt;17757;1589;626;394;503;65;64;1
79743V1125914;TROMSØBRUA;FV862 S1D1 m1705;2022-09-01T00:00+02:00;2022-10-01T00:00+02:00;2022;9;10062;9767;10357;100;30;30;0;12;99,9;1;9437;612;169;158;269;15;14;1
79743V1125914;TROMSØBRUA;FV862 S1D1 m1705;2022-09-01T00:00+02:00;2022-10-01T00:00+02:00;2022;9;9943;9572;10314;100;30;30;0;3;100;2;8892;1048;441;252;293;62;61;1
79743V1125914;TROMSØBRUA;FV862 S1D1 m1705;2022-09-01T00:00+02:00;2022-10-01T00:00+02:00;2022;9;9950;9578;10322;100;30;30;0;4;100;Totalt i retning TROMSDALEN;8894;1052;443;254;293;62;61;1
79743V1125914;TROMSØBRUA;FV862 S1D1 m1705;2022-09-01T00:00+02:00;2022-10-01T00:00+02:00;2022;9;10056;9762;10350;100;30;30;0;13;99,9;Totalt i retning TROMSØYA;9436;607;167;156;269;15;14;1
79743V1125914;TROMSØBRUA;FV862 S1D1 m1705;2022-09-01T00:00+02:00;2022-10-01T00:00+02:00;2022;9;20005;19347;20663;100;30;30;0;16;99,9;Totalt;18329;1660;611;410;562;77;75;2
79743V1125914;TROMSØBRUA;FV862 S1D1 m1705;2022-10-01T00:00+02:00;2022-11-01T00:00+01:00;2022;10;9562;9188;9936;100;31;31;0;11;99,9;1;9013;538;138;128;259;13;12;1
79743V1125914;TROMSØBRUA;FV862 S1D1 m1705;2022-10-01T00:00+02:00;2022-11-01T00:00+01:00;2022;10;9416;8983;9849;100;31;31;0;3;100;2;8466;947;407;207;282;51;50;1
79743V1125914;TROMSØBRUA;FV862 S1D1 m1705;2022-10-01T00:00+02:00;2022-11-01T00:00+01:00;2022;10;9423;8989;9857;100;31;31;0;3;100;Totalt i retning TROMSDALEN;8468;952;409;209;282;52;51;1
79743V1125914;TROMSØBRUA;FV862 S1D1 m1705;2022-10-01T00:00+02:00;2022-11-01T00:00+01:00;2022;10;9555;9182;9928;100;31;31;0;11;99,9;Totalt i retning TROMSØYA;9011;533;136;126;259;13;12;1
79743V1125914;TROMSØBRUA;FV862 S1D1 m1705;2022-10-01T00:00+02:00;2022-11-01T00:00+01:00;2022;10;18978;18176;19780;100;31;31;0;14;99,9;Totalt;17480;1485;545;335;541;65;63;2
79743V1125914;TROMSØBRUA;FV862 S1D1 m1705;2022-11-01T00:00+01:00;2022-12-01T00:00+01:00;2022;11;9446;9104;9788;100;30;30;0;9;99,9;1;8912;525;130;114;269;13;12;1
79743V1125914;TROMSØBRUA;FV862 S1D1 m1705;2022-11-01T00:00+01:00;2022-12-01T00:00+01:00;2022;11;9268;8916;9620;100;30;30;0;2;100;2;8354;912;392;182;293;45;45;0
79743V1125914;TROMSØBRUA;FV862 S1D1 m1705;2022-11-01T00:00+01:00;2022-12-01T00:00+01:00;2022;11;9273;8920;9626;100;30;30;0;2;100;Totalt i retning TROMSDALEN;8355;916;394;184;293;45;45;0
79743V1125914;TROMSØBRUA;FV862 S1D1 m1705;2022-11-01T00:00+01:00;2022-12-01T00:00+01:00;2022;11;9441;9099;9783;100;30;30;0;9;99,9;Totalt i retning TROMSØYA;8910;521;128;112;268;13;12;1
79743V1125914;TROMSØBRUA;FV862 S1D1 m1705;2022-11-01T00:00+01:00;2022-12-01T00:00+01:00;2022;11;18715;18023;19407;100;30;30;0;12;99,9;Totalt;17265;1438;522;296;562;58;57;1
79743V1125914;TROMSØBRUA;FV862 S1D1 m1705;2022-12-01T00:00+01:00;2023-01-01T00:00+01:00;2022;12;9009;8395;9623;100;31;31;0;9;99,9;1;8515;485;117;98;260;11;10;1
79743V1125914;TROMSØBRUA;FV862 S1D1 m1705;2022-12-01T00:00+01:00;2023-01-01T00:00+01:00;2022;12;8901;8285;9517;100;31;31;0;7;99,9;2;8090;804;327;154;287;36;36;0
79743V1125914;TROMSØBRUA;FV862 S1D1 m1705;2022-12-01T00:00+01:00;2023-01-01T00:00+01:00;2022;12;8925;8309;9541;100;31;31;0;7;99,9;Totalt i retning TROMSDALEN;8109;809;329;155;287;36;36;0
79743V1125914;TROMSØBRUA;FV862 S1D1 m1705;2022-12-01T00:00+01:00;2023-01-01T00:00+01:00;2022;12;8986;8373;9599;100;31;31;0;9;99,9;Totalt i retning TROMSØYA;8496;481;114;97;259;11;10;1
79743V1125914;TROMSØBRUA;FV862 S1D1 m1705;2022-12-01T00:00+01:00;2023-01-01T00:00+01:00;2022;12;17911;16684;19138;100;31;31;0;17;99,9;Totalt;16605;1289;444;252;546;47;46;1
79743V1125914;TROMSØBRUA;FV862 S1D1 m1705;2023-01-01T00:00+01:00;2023-02-01T00:00+01:00;2023;1;7753;7442;8064;100;31;31;0;11;99,9;1;7232;510;114;102;282;12;11;1
79743V1125914;TROMSØBRUA;FV862 S1D1 m1705;2023-01-01T00:00+01:00;2023-02-01T00:00+01:00;2023;1;7666;7315;8017;100;31;31;0;2;100;2;6826;838;329;163;309;36;36;0
79743V1125914;TROMSØBRUA;FV862 S1D1 m1705;2023-01-01T00:00+01:00;2023-02-01T00:00+01:00;2023;1;7673;7321;8025;100;31;31;0;3;100;Totalt i retning TROMSDALEN;6829;841;331;164;310;36;36;0
79743V1125914;TROMSØBRUA;FV862 S1D1 m1705;2023-01-01T00:00+01:00;2023-02-01T00:00+01:00;2023;1;7746;7436;8056;100;31;31;0;10;99,9;Totalt i retning TROMSØYA;7230;506;113;100;281;12;11;1
79743V1125914;TROMSØBRUA;FV862 S1D1 m1705;2023-01-01T00:00+01:00;2023-02-01T00:00+01:00;2023;1;15419;14763;16075;100;31;31;0;13;99,9;Totalt;14058;1347;444;265;591;48;47;1
79743V1125914;TROMSØBRUA;FV862 S1D1 m1705;2023-02-01T00:00+01:00;2023-03-01T00:00+01:00;2023;2;8290;7937;8643;100;28;28;0;12;99,9;1;7727;551;127;114;297;13;12;1
79743V1125914;TROMSØBRUA;FV862 S1D1 m1705;2023-02-01T00:00+01:00;2023-03-01T00:00+01:00;2023;2;8325;7854;8796;100;28;28;0;4;100;2;7394;927;367;180;330;51;50;1
79743V1125914;TROMSØBRUA;FV862 S1D1 m1705;2023-02-01T00:00+01:00;2023-03-01T00:00+01:00;2023;2;8350;7889;8811;100;28;28;0;3;100;Totalt i retning TROMSDALEN;7416;931;369;181;331;51;50;1
79743V1125914;TROMSØBRUA;FV862 S1D1 m1705;2023-02-01T00:00+01:00;2023-03-01T00:00+01:00;2023;2;8264;7901;8627;100;28;28;0;12;99,9;Totalt i retning TROMSØYA;7705;547;125;113;296;13;12;1
79743V1125914;TROMSØBRUA;FV862 S1D1 m1705;2023-02-01T00:00+01:00;2023-03-01T00:00+01:00;2023;2;16614;15809;17419;100;28;28;0;15;99,9;Totalt;15121;1478;494;294;627;63;61;2
79743V1125914;TROMSØBRUA;FV862 S1D1 m1705;2023-03-01T00:00+01:00;2023-04-01T00:00+02:00;2023;3;8412;8104;8720;100;31;31;0;15;99,8;1;7833;564;129;117;303;15;14;1
79743V1125914;TROMSØBRUA;FV862 S1D1 m1705;2023-03-01T00:00+01:00;2023-04-01T00:00+02:00;2023;3;8327;7979;8675;100;31;31;0;9;99,9;2;7417;901;360;172;325;43;43;0
79743V1125914;TROMSØBRUA;FV862 S1D1 m1705;2023-03-01T00:00+01:00;2023-04-01T00:00+02:00;2023;3;8332;7984;8680;100;31;31;0;8;99,9;Totalt i retning TROMSDALEN;7419;905;362;173;326;43;43;0
79743V1125914;TROMSØBRUA;FV862 S1D1 m1705;2023-03-01T00:00+01:00;2023-04-01T00:00+02:00;2023;3;8406;8098;8714;100;31;31;0;15;99,8;Totalt i retning TROMSØYA;7831;560;127;116;303;15;14;1
79743V1125914;TROMSØBRUA;FV862 S1D1 m1705;2023-03-01T00:00+01:00;2023-04-01T00:00+02:00;2023;3;16739;16091;17387;100;31;31;0;24;99,9;Totalt;15250;1465;489;289;629;59;57;2
79743V1125914;TROMSØBRUA;FV862 S1D1 m1705;2023-04-01T00:00+02:00;2023-05-01T00:00+02:00;2023;4;8022;7432;8612;100;30;30;0;11;99,9;1;7542;469;109;100;247;11;11;0
79743V1125914;TROMSØBRUA;FV862 S1D1 m1705;2023-04-01T00:00+02:00;2023-05-01T00:00+02:00;2023;4;7917;7302;8532;100;30;30;0;3;100;2;7151;763;317;145;260;41;41;0
79743V1125914;TROMSØBRUA;FV862 S1D1 m1705;2023-04-01T00:00+02:00;2023-05-01T00:00+02:00;2023;4;7923;7307;8539;100;30;30;0;3;100;Totalt i retning TROMSDALEN;7153;767;318;147;260;41;41;0
79743V1125914;TROMSØBRUA;FV862 S1D1 m1705;2023-04-01T00:00+02:00;2023-05-01T00:00+02:00;2023;4;8016;7427;8605;100;30;30;0;11;99,9;Totalt i retning TROMSØYA;7540;465;108;99;247;11;11;0
79743V1125914;TROMSØBRUA;FV862 S1D1 m1705;2023-04-01T00:00+02:00;2023-05-01T00:00+02:00;2023;4;15939;14755;17123;100;30;30;0;14;99,9;Totalt;14693;1232;426;246;508;53;52;1
85147V1201967;HUNGEREN;EV8 S3D1 m1048;2022-01-01T00:00+01:00;2022-02-01T00:00+01:00;2022;1;4932;4540;5324;100;31;31;0;0;100;1;4567;364;79;130;59;95;92;3
85147V1201967;HUNGEREN;EV8 S3D1 m1048;2022-01-01T00:00+01:00;2022-02-01T00:00+01:00;2022;1;4995;4702;5288;100;31;31;0;0;100;2;4629;366;77;133;55;101;97;4
85147V1201967;HUNGEREN;EV8 S3D1 m1048;2022-01-01T00:00+01:00;2022-02-01T00:00+01:00;2022;1;4932;4540;5324;100;31;31;0;0;100;Totalt i retning Fagernes;4567;364;79;130;59;95;92;3
85147V1201967;HUNGEREN;EV8 S3D1 m1048;2022-01-01T00:00+01:00;2022-02-01T00:00+01:00;2022;1;4995;4702;5288;100;31;31;0;0;100;Totalt i retning Tromsø;4629;366;77;133;55;101;97;4
85147V1201967;HUNGEREN;EV8 S3D1 m1048;2022-01-01T00:00+01:00;2022-02-01T00:00+01:00;2022;1;9927;9251;10603;100;31;31;0;0;100;Totalt;9197;730;157;263;114;196;189;7
85147V1201967;HUNGEREN;EV8 S3D1 m1048;2022-02-01T00:00+01:00;2022-03-01T00:00+01:00;2022;2;5467;5110;5824;100;28;28;0;0;100;1;5049;418;97;139;69;112;108;4
85147V1201967;HUNGEREN;EV8 S3D1 m1048;2022-02-01T00:00+01:00;2022-03-01T00:00+01:00;2022;2;5488;5244;5732;100;28;28;0;0;100;2;5072;416;94;141;64;117;112;5
85147V1201967;HUNGEREN;EV8 S3D1 m1048;2022-02-01T00:00+01:00;2022-03-01T00:00+01:00;2022;2;5467;5110;5824;100;28;28;0;1;100;Totalt i retning Fagernes;5049;418;97;139;69;112;108;4
85147V1201967;HUNGEREN;EV8 S3D1 m1048;2022-02-01T00:00+01:00;2022-03-01T00:00+01:00;2022;2;5488;5244;5732;100;28;28;0;0;100;Totalt i retning Tromsø;5072;416;94;141;64;117;112;5
85147V1201967;HUNGEREN;EV8 S3D1 m1048;2022-02-01T00:00+01:00;2022-03-01T00:00+01:00;2022;2;10954;10366;11542;100;28;28;0;0;100;Totalt;10121;833;191;280;133;230;221;9
85147V1201967;HUNGEREN;EV8 S3D1 m1048;2022-03-01T00:00+01:00;2022-04-01T00:00+02:00;2022;3;5703;5375;6031;100;31;31;0;1;100;1;5262;440;104;147;68;121;116;5
85147V1201967;HUNGEREN;EV8 S3D1 m1048;2022-03-01T00:00+01:00;2022-04-01T00:00+02:00;2022;3;5701;5480;5922;100;31;31;0;0;100;2;5261;440;104;147;64;126;121;5
85147V1201967;HUNGEREN;EV8 S3D1 m1048;2022-03-01T00:00+01:00;2022-04-01T00:00+02:00;2022;3;5703;5375;6031;100;31;31;0;1;100;Totalt i retning Fagernes;5262;440;104;147;68;121;116;5
85147V1201967;HUNGEREN;EV8 S3D1 m1048;2022-03-01T00:00+01:00;2022-04-01T00:00+02:00;2022;3;5701;5480;5922;100;31;31;0;0;100;Totalt i retning Tromsø;5261;440;104;147;64;126;121;5
85147V1201967;HUNGEREN;EV8 S3D1 m1048;2022-03-01T00:00+01:00;2022-04-01T00:00+02:00;2022;3;11404;10882;11926;100;31;31;0;0;100;Totalt;10523;881;208;294;132;247;237;10
85147V1201967;HUNGEREN;EV8 S3D1 m1048;2022-04-01T00:00+02:00;2022-05-01T00:00+02:00;2022;4;5590;5080;6100;100;30;30;0;0;100;1;5190;400;95;144;55;106;102;4
85147V1201967;HUNGEREN;EV8 S3D1 m1048;2022-04-01T00:00+02:00;2022-05-01T00:00+02:00;2022;4;5617;5230;6004;100;30;30;0;0;100;2;5212;404;97;145;51;110;106;4
85147V1201967;HUNGEREN;EV8 S3D1 m1048;2022-04-01T00:00+02:00;2022-05-01T00:00+02:00;2022;4;5590;5080;6100;100;30;30;0;0;100;Totalt i retning Fagernes;5190;400;95;144;55;106;102;4
85147V1201967;HUNGEREN;EV8 S3D1 m1048;2022-04-01T00:00+02:00;2022-05-01T00:00+02:00;2022;4;5616;5229;6003;100;30;30;0;0;100;Totalt i retning Tromsø;5212;404;97;145;51;110;106;4
85147V1201967;HUNGEREN;EV8 S3D1 m1048;2022-04-01T00:00+02:00;2022-05-01T00:00+02:00;2022;4;11207;10401;12013;100;30;30;0;1;100;Totalt;10402;804;192;289;106;216;208;8
85147V1201967;HUNGEREN;EV8 S3D1 m1048;2022-05-01T00:00+02:00;2022-06-01T00:00+02:00;2022;5;6057;5600;6514;100;31;31;0;0;100;1;5572;485;131;170;64;119;114;5
85147V1201967;HUNGEREN;EV8 S3D1 m1048;2022-05-01T00:00+02:00;2022-06-01T00:00+02:00;2022;5;6098;5762;6434;100;31;31;0;1;100;2;5588;510;142;181;63;125;120;5
85147V1201967;HUNGEREN;EV8 S3D1 m1048;2022-05-01T00:00+02:00;2022-06-01T00:00+02:00;2022;5;6057;5600;6514;100;31;31;0;0;100;Totalt i retning Fagernes;5572;485;131;170;64;119;114;5
85147V1201967;HUNGEREN;EV8 S3D1 m1048;2022-05-01T00:00+02:00;2022-06-01T00:00+02:00;2022;5;6098;5762;6434;100;31;31;0;1;100;Totalt i retning Tromsø;5588;510;142;181;63;125;120;5
85147V1201967;HUNGEREN;EV8 S3D1 m1048;2022-05-01T00:00+02:00;2022-06-01T00:00+02:00;2022;5;12155;11385;12925;100;31;31;0;1;100;Totalt;11160;995;272;351;127;244;234;10
85147V1201967;HUNGEREN;EV8 S3D1 m1048;2022-06-01T00:00+02:00;2022-07-01T00:00+02:00;2022;6;6681;6236;7126;100;30;30;0;1;100;1;5992;688;214;248;91;135;129;6
85147V1201967;HUNGEREN;EV8 S3D1 m1048;2022-06-01T00:00+02:00;2022-07-01T00:00+02:00;2022;6;6662;6363;6961;100;30;30;0;1;100;2;5957;704;233;244;89;139;133;6
85147V1201967;HUNGEREN;EV8 S3D1 m1048;2022-06-01T00:00+02:00;2022-07-01T00:00+02:00;2022;6;6681;6236;7126;100;30;30;0;1;100;Totalt i retning Fagernes;5992;688;214;248;91;135;129;6
85147V1201967;HUNGEREN;EV8 S3D1 m1048;2022-06-01T00:00+02:00;2022-07-01T00:00+02:00;2022;6;6662;6363;6961;100;30;30;0;1;100;Totalt i retning Tromsø;5957;704;233;244;89;139;133;6
85147V1201967;HUNGEREN;EV8 S3D1 m1048;2022-06-01T00:00+02:00;2022-07-01T00:00+02:00;2022;6;13343;12637;14049;100;30;30;0;2;100;Totalt;11949;1392;448;491;180;273;262;11
85147V1201967;HUNGEREN;EV8 S3D1 m1048;2022-07-01T00:00+02:00;2022-08-01T00:00+02:00;2022;7;5505;5148;5862;100;31;31;0;1;100;1;4915;589;200;213;71;106;101;5
85147V1201967;HUNGEREN;EV8 S3D1 m1048;2022-07-01T00:00+02:00;2022-08-01T00:00+02:00;2022;7;5542;5309;5775;100;31;31;0;1;100;2;4935;606;216;210;70;109;104;5
85147V1201967;HUNGEREN;EV8 S3D1 m1048;2022-07-01T00:00+02:00;2022-08-01T00:00+02:00;2022;7;5505;5148;5862;100;31;31;0;1;100;Totalt i retning Fagernes;4914;589;200;213;71;105;100;5
85147V1201967;HUNGEREN;EV8 S3D1 m1048;2022-07-01T00:00+02:00;2022-08-01T00:00+02:00;2022;7;5542;5309;5775;100;31;31;0;0;100;Totalt i retning Tromsø;4935;606;216;210;70;109;104;5
85147V1201967;HUNGEREN;EV8 S3D1 m1048;2022-07-01T00:00+02:00;2022-08-01T00:00+02:00;2022;7;11047;10489;11605;100;31;31;0;2;100;Totalt;9850;1195;416;423;141;215;205;10
85147V1201967;HUNGEREN;EV8 S3D1 m1048;2022-08-01T00:00+02:00;2022-09-01T00:00+02:00;2022;8;6235;5866;6604;100;31;31;0;0;100;1;5627;608;181;237;69;121;116;5
85147V1201967;HUNGEREN;EV8 S3D1 m1048;2022-08-01T00:00+02:00;2022-09-01T00:00+02:00;2022;8;6423;6173;6673;100;31;31;0;0;100;2;5793;630;197;242;70;121;116;5
85147V1201967;HUNGEREN;EV8 S3D1 m1048;2022-08-01T00:00+02:00;2022-09-01T00:00+02:00;2022;8;6235;5866;6604;100;31;31;0;0;100;Totalt i retning Fagernes;5627;608;181;237;69;121;116;5
85147V1201967;HUNGEREN;EV8 S3D1 m1048;2022-08-01T00:00+02:00;2022-09-01T00:00+02:00;2022;8;6423;6173;6673;100;31;31;0;0;100;Totalt i retning Tromsø;5793;630;197;242;70;121;116;5
85147V1201967;HUNGEREN;EV8 S3D1 m1048;2022-08-01T00:00+02:00;2022-09-01T00:00+02:00;2022;8;12659;12069;13249;100;31;31;0;1;100;Totalt;11420;1237;377;478;140;243;233;10
85147V1201967;HUNGEREN;EV8 S3D1 m1048;2022-09-01T00:00+02:00;2022-10-01T00:00+02:00;2022;9;6425;6034;6816;100;30;30;0;0;100;1;5817;608;166;239;71;132;127;5
85147V1201967;HUNGEREN;EV8 S3D1 m1048;2022-09-01T00:00+02:00;2022-10-01T00:00+02:00;2022;9;6419;6215;6623;100;30;30;0;1;100;2;5815;603;168;233;67;135;130;5
85147V1201967;HUNGEREN;EV8 S3D1 m1048;2022-09-01T00:00+02:00;2022-10-01T00:00+02:00;2022;9;6425;6035;6815;100;30;30;0;0;100;Totalt i retning Fagernes;5817;608;166;239;71;132;127;5
85147V1201967;HUNGEREN;EV8 S3D1 m1048;2022-09-01T00:00+02:00;2022-10-01T00:00+02:00;2022;9;6419;6215;6623;100;30;30;0;1;100;Totalt i retning Tromsø;5815;603;168;233;67;135;130;5
85147V1201967;HUNGEREN;EV8 S3D1 m1048;2022-09-01T00:00+02:00;2022-10-01T00:00+02:00;2022;9;12844;12292;13396;100;30;30;0;1;100;Totalt;11632;1211;334;472;139;266;256;10
85147V1201967;HUNGEREN;EV8 S3D1 m1048;2022-10-01T00:00+02:00;2022-11-01T00:00+01:00;2022;10;5882;5494;6270;100;31;31;0;0;100;1;5387;495;121;192;60;121;117;4
85147V1201967;HUNGEREN;EV8 S3D1 m1048;2022-10-01T00:00+02:00;2022-11-01T00:00+01:00;2022;10;5953;5699;6207;100;31;31;0;0;100;2;5462;491;121;188;58;123;118;5
85147V1201967;HUNGEREN;EV8 S3D1 m1048;2022-10-01T00:00+02:00;2022-11-01T00:00+01:00;2022;10;5882;5494;6270;100;31;31;0;0;100;Totalt i retning Fagernes;5387;495;121;192;60;121;117;4
85147V1201967;HUNGEREN;EV8 S3D1 m1048;2022-10-01T00:00+02:00;2022-11-01T00:00+01:00;2022;10;5953;5699;6207;100;31;31;0;0;100;Totalt i retning Tromsø;5462;491;121;188;58;123;118;5
85147V1201967;HUNGEREN;EV8 S3D1 m1048;2022-10-01T00:00+02:00;2022-11-01T00:00+01:00;2022;10;11835;11220;12450;100;31;31;0;0;100;Totalt;10849;986;243;380;118;245;235;10
85147V1201967;HUNGEREN;EV8 S3D1 m1048;2022-11-01T00:00+01:00;2022-12-01T00:00+01:00;2022;11;5794;5454;6134;100;30;30;0;0;100;1;5334;459;112;167;59;121;116;5
85147V1201967;HUNGEREN;EV8 S3D1 m1048;2022-11-01T00:00+01:00;2022-12-01T00:00+01:00;2022;11;5822;5570;6074;100;30;30;0;0;100;2;5367;455;113;163;56;122;117;5
85147V1201967;HUNGEREN;EV8 S3D1 m1048;2022-11-01T00:00+01:00;2022-12-01T00:00+01:00;2022;11;5794;5454;6134;100;30;30;0;0;100;Totalt i retning Fagernes;5334;459;112;167;59;121;116;5
85147V1201967;HUNGEREN;EV8 S3D1 m1048;2022-11-01T00:00+01:00;2022-12-01T00:00+01:00;2022;11;5822;5570;6074;100;30;30;0;0;100;Totalt i retning Tromsø;5367;455;113;163;56;122;117;5
85147V1201967;HUNGEREN;EV8 S3D1 m1048;2022-11-01T00:00+01:00;2022-12-01T00:00+01:00;2022;11;11616;11034;12198;100;30;30;0;0;100;Totalt;10701;914;225;331;115;243;233;10
85147V1201967;HUNGEREN;EV8 S3D1 m1048;2022-12-01T00:00+01:00;2023-01-01T00:00+01:00;2022;12;5454;5010;5898;100;31;31;0;0;100;1;5075;379;88;133;64;94;91;3
85147V1201967;HUNGEREN;EV8 S3D1 m1048;2022-12-01T00:00+01:00;2023-01-01T00:00+01:00;2022;12;5438;5048;5828;100;31;31;0;1;100;2;5059;378;88;131;61;97;93;4
85147V1201967;HUNGEREN;EV8 S3D1 m1048;2022-12-01T00:00+01:00;2023-01-01T00:00+01:00;2022;12;5454;5010;5898;100;31;31;0;0;100;Totalt i retning Fagernes;5075;379;88;133;64;94;91;3
85147V1201967;HUNGEREN;EV8 S3D1 m1048;2022-12-01T00:00+01:00;2023-01-01T00:00+01:00;2022;12;5437;5047;5827;100;31;31;0;0;100;Totalt i retning Tromsø;5059;378;88;131;61;97;93;4
85147V1201967;HUNGEREN;EV8 S3D1 m1048;2022-12-01T00:00+01:00;2023-01-01T00:00+01:00;2022;12;10892;10063;11721;100;31;31;0;1;100;Totalt;10134;758;177;265;125;192;184;8
85147V1201967;HUNGEREN;EV8 S3D1 m1048;2023-01-01T00:00+01:00;2023-02-01T00:00+01:00;2023;1;5133;4806;5460;100;31;31;0;1;100;1;4714;419;101;144;70;103;100;3
85147V1201967;HUNGEREN;EV8 S3D1 m1048;2023-01-01T00:00+01:00;2023-02-01T00:00+01:00;2023;1;5185;4948;5422;100;31;31;0;0;100;2;4765;420;103;143;68;107;102;5
85147V1201967;HUNGEREN;EV8 S3D1 m1048;2023-01-01T00:00+01:00;2023-02-01T00:00+01:00;2023;1;5133;4806;5460;100;31;31;0;0;100;Totalt i retning Fagernes;4714;419;102;144;70;103;100;3
85147V1201967;HUNGEREN;EV8 S3D1 m1048;2023-01-01T00:00+01:00;2023-02-01T00:00+01:00;2023;1;5185;4948;5422;100;31;31;0;0;100;Totalt i retning Tromsø;4765;420;103;143;68;107;102;5
85147V1201967;HUNGEREN;EV8 S3D1 m1048;2023-01-01T00:00+01:00;2023-02-01T00:00+01:00;2023;1;10318;9760;10876;100;31;31;0;1;100;Totalt;9479;838;204;287;138;210;202;8
85147V1201967;HUNGEREN;EV8 S3D1 m1048;2023-02-01T00:00+01:00;2023-03-01T00:00+01:00;2023;2;5444;5065;5823;100;28;28;0;0;100;1;4988;456;113;150;82;111;107;4
85147V1201967;HUNGEREN;EV8 S3D1 m1048;2023-02-01T00:00+01:00;2023-03-01T00:00+01:00;2023;2;5462;5209;5715;100;28;28;0;0;100;2;5006;455;113;151;78;114;109;5
85147V1201967;HUNGEREN;EV8 S3D1 m1048;2023-02-01T00:00+01:00;2023-03-01T00:00+01:00;2023;2;5445;5066;5824;100;28;28;0;1;100;Totalt i retning Fagernes;4988;456;113;150;82;111;107;4
85147V1201967;HUNGEREN;EV8 S3D1 m1048;2023-02-01T00:00+01:00;2023-03-01T00:00+01:00;2023;2;5462;5209;5715;100;28;28;0;1;100;Totalt i retning Tromsø;5006;455;113;151;78;114;109;5
85147V1201967;HUNGEREN;EV8 S3D1 m1048;2023-02-01T00:00+01:00;2023-03-01T00:00+01:00;2023;2;10906;10283;11529;100;28;28;0;0;100;Totalt;9994;911;226;301;160;225;216;9
85147V1201967;HUNGEREN;EV8 S3D1 m1048;2023-03-01T00:00+01:00;2023-04-01T00:00+02:00;2023;3;5618;5285;5951;100;31;31;0;1;100;1;5156;462;110;160;79;113;109;4
85147V1201967;HUNGEREN;EV8 S3D1 m1048;2023-03-01T00:00+01:00;2023-04-01T00:00+02:00;2023;3;5591;5368;5814;100;31;31;0;0;100;2;5140;451;106;155;74;116;111;5
85147V1201967;HUNGEREN;EV8 S3D1 m1048;2023-03-01T00:00+01:00;2023-04-01T00:00+02:00;2023;3;5618;5285;5951;100;31;31;0;0;100;Totalt i retning Fagernes;5156;462;110;160;79;113;109;4
85147V1201967;HUNGEREN;EV8 S3D1 m1048;2023-03-01T00:00+01:00;2023-04-01T00:00+02:00;2023;3;5591;5368;5814;100;31;31;0;0;100;Totalt i retning Tromsø;5140;451;106;155;74;116;111;5
85147V1201967;HUNGEREN;EV8 S3D1 m1048;2023-03-01T00:00+01:00;2023-04-01T00:00+02:00;2023;3;11209;10680;11738;100;31;31;0;1;100;Totalt;10296;913;216;314;153;228;219;9
85147V1201967;HUNGEREN;EV8 S3D1 m1048;2023-04-01T00:00+02:00;2023-05-01T00:00+02:00;2023;4;5372;4874;5870;100;30;30;0;0;100;1;5000;371;95;131;51;93;89;4
85147V1201967;HUNGEREN;EV8 S3D1 m1048;2023-04-01T00:00+02:00;2023-05-01T00:00+02:00;2023;4;5395;4976;5814;100;30;30;0;0;100;2;5019;376;98;133;47;98;93;5
85147V1201967;HUNGEREN;EV8 S3D1 m1048;2023-04-01T00:00+02:00;2023-05-01T00:00+02:00;2023;4;5372;4874;5870;100;30;30;0;1;100;Totalt i retning Fagernes;5000;371;95;131;51;93;89;4
85147V1201967;HUNGEREN;EV8 S3D1 m1048;2023-04-01T00:00+02:00;2023-05-01T00:00+02:00;2023;4;5396;4977;5815;100;30;30;0;1;100;Totalt i retning Tromsø;5019;376;98;133;47;98;93;5
85147V1201967;HUNGEREN;EV8 S3D1 m1048;2023-04-01T00:00+02:00;2023-05-01T00:00+02:00;2023;4;10767;9923;11611;100;30;30;0;0;100;Totalt;10019;748;193;265;99;191;182;9
