Trafikkregistreringspunkt;Navn;Vegreferanse;Fra;Til;Dato;Fra tidspunkt;Til tidspunkt;Felt;Trafikkmengde;Dekningsgrad (%);Antall timer total;Antall timer inkludert;Antall timer ugyldig;Ikke gyldig lengde;Lengdekvalitetsgrad (%);< 5,6m;>= 5,6m;5,6m - 7,6m;7,6m - 12,5m;12,5m - 16,0m;>= 16,0m;16,0m - 24,0m;>= 24,0m
02636V1125920;Sandnessundbrua;FV862 S2D1 m609;2022-03-08T00:00+01:00;2022-03-08T01:00+01:00;08.03.2022;00:00;01:00;1;55;100;1;1;0;0;100;52;3;1;0;2;0;0;0
02636V1125920;Sandnessundbrua;FV862 S2D1 m609;2022-03-08T00:00+01:00;2022-03-08T01:00+01:00;08.03.2022;00:00;01:00;2;37;100;1;1;0;0;100;29;8;3;1;4;0;0;0
02636V1125920;Sandnessundbrua;FV862 S2D1 m609;2022-03-08T00:00+01:00;2022-03-08T01:00+01:00;08.03.2022;00:00;01:00;Totalt i retning Kvaløya;55;100;1;1;0;0;100;52;3;1;0;2;0;0;0
02636V1125920;Sandnessundbrua;FV862 S2D1 m609;2022-03-08T00:00+01:00;2022-03-08T01:00+01:00;08.03.2022;00:00;01:00;Totalt i retning Tromsø;37;100;1;1;0;0;100;29;8;3;1;4;0;0;0
02636V1125920;Sandnessundbrua;FV862 S2D1 m609;2022-03-08T00:00+01:00;2022-03-08T01:00+01:00;08.03.2022;00:00;01:00;Totalt;92;100;1;1;0;0;100;81;11;4;1;6;0;0;0
02636V1125920;Sandnessundbrua;FV862 S2D1 m609;2022-03-08T01:00+01:00;2022-03-08T02:00+01:00;08.03.2022;01:00;02:00;1;23;100;1;1;0;0;100;21;2;1;1;0;0;0;0
02636V1125920;Sandnessundbrua;FV862 S2D1 m609;2022-03-08T01:00+01:00;2022-03-08T02:00+01:00;08.03.2022;01:00;02:00;2;29;100;1;1;0;0;100;27;2;2;0;0;0;0;0
02636V1125920;Sandnessundbrua;FV862 S2D1 m609;2022-03-08T01:00+01:00;2022-03-08T02:00+01:00;08.03.2022;01:00;02:00;Totalt i retning Kvaløya;23;100;1;1;0;0;100;21;2;1;1;0;0;0;0
02636V1125920;Sandnessundbrua;FV862 S2D1 m609;2022-03-08T01:00+01:00;2022-03-08T02:00+01:00;08.03.2022;01:00;02:00;Totalt i retning Tromsø;29;100;1;1;0;0;100;27;2;2;0;0;0;0;0
02636V1125920;Sandnessundbrua;FV862 S2D1 m609;2022-03-08T01:00+01:00;2022-03-08T02:00+01:00;08.03.2022;01:00;02:00;Totalt;52;100;1;1;0;0;100;48;4;3;1;0;0;0;0
02636V1125920;Sandnessundbrua;FV862 S2D1 m609;2022-03-08T02:00+01:00;2022-03-08T03:00+01:00;08.03.2022;02:00;03:00;1;8;100;1;1;0;0;100;7;1;0;1;0;0;0;0
02636V1125920;Sandnessundbrua;FV862 S2D1 m609;2022-03-08T02:00+01:00;2022-03-08T03:00+01:00;08.03.2022;02:00;03:00;2;9;100;1;1;0;0;100;9;0;0;0;0;0;0;0
02636V1125920;Sandnessundbrua;FV862 S2D1 m609;2022-03-08T02:00+01:00;2022-03-08T03:00+01:00;08.03.2022;02:00;03:00;Totalt i retning Kvaløya;8;100;1;1;0;0;100;7;1;0;1;0;0;0;0
02636V1125920;Sandnessundbrua;FV862 S2D1 m609;2022-03-08T02:00+01:00;2022-03-08T03:00+01:00;08.03.2022;02:00;03:00;Totalt i retning Tromsø;9;100;1;1;0;0;100;9;0;0;0;0;0;0;0
02636V1125920;Sandnessundbrua;FV862 S2D1 m609;2022-03-08T02:00+01:00;2022-03-08T03:00+01:00;08.03.2022;02:00;03:00;Totalt;17;100;1;1;0;0;100;16;1;0;1;0;0;0;0
02636V1125920;Sandnessundbrua;FV862 S2D1 m609;2022-03-08T03:00+01:00;2022-03-08T04:00+01:00;08.03.2022;03:00;04:00;1;10;100;1;1;0;0;100;10;0;0;0;0;0;0;0
02636V1125920;Sandnessundbrua;FV862 S2D1 m609;2022-03-08T03:00+01:00;2022-03-08T04:00+01:00;08.03.2022;03:00;04:00;2;9;100;1;1;0;0;100;9;0;0;0;0;0;0;0
02636V1125920;Sandnessundbrua;FV862 S2D1 m609;2022-03-08T03:00+01:00;2022-03-08T04:00+01:00;08.03.2022;03:00;04:00;Totalt i retning Kvaløya;10;100;1;1;0;0;100;10;0;0;0;0;0;0;0
02636V1125920;Sandnessundbrua;FV862 S2D1 m609;2022-03-08T03:00+01:00;2022-03-08T04:00+01:00;08.03.2022;03:00;04:00;Totalt i retning Tromsø;9;100;1;1;0;0;100;9;0;0;0;0;0;0;0
02636V1125920;Sandnessundbrua;FV862 S2D1 m609;2022-03-08T03:00+01:00;2022-03-08T04:00+01:00;08.03.2022;03:00;04:00;Totalt;19;100;1;1;0;0;100;19;0;0;0;0;0;0;0
02636V1125920;Sandnessundbrua;FV862 S2D1 m609;2022-03-08T04:00+01:00;2022-03-08T05:00+01:00;08.03.2022;04:00;05:00;1;12;100;1;1;0;1;91,67;10;1;0;1;0;0;0;0
02636V1125920;Sandnessundbrua;FV862 S2D1 m609;2022-03-08T04:00+01:00;2022-03-08T05:00+01:00;08.03.2022;04:00;05:00;2;27;100;1;1;0;0;100;27;0;0;0;0;0;0;0
02636V1125920;Sandnessundbrua;FV862 S2D1 m609;2022-03-08T04:00+01:00;2022-03-08T05:00+01:00;08.03.2022;04:00;05:00;Totalt i retning Kvaløya;12;100;1;1;0;1;91,67;10;1;0;1;0;0;0;0
02636V1125920;Sandnessundbrua;FV862 S2D1 m609;2022-03-08T04:00+01:00;2022-03-08T05:00+01:00;08.03.2022;04:00;05:00;Totalt i retning Tromsø;27;100;1;1;0;0;100;27;0;0;0;0;0;0;0
02636V1125920;Sandnessundbrua;FV862 S2D1 m609;2022-03-08T04:00+01:00;2022-03-08T05:00+01:00;08.03.2022;04:00;05:00;Totalt;39;100;1;1;0;1;97,44;37;1;0;1;0;0;0;0
02636V1125920;Sandnessundbrua;FV862 S2D1 m609;2022-03-08T05:00+01:00;2022-03-08T06:00+01:00;08.03.2022;05:00;06:00;1;25;100;1;1;0;0;100;18;7;1;1;5;0;0;0
02636V1125920;Sandnessundbrua;FV862 S2D1 m609;2022-03-08T05:00+01:00;2022-03-08T06:00+01:00;08.03.2022;05:00;06:00;2;66;100;1;1;0;0;100;62;4;0;3;1;0;0;0
02636V1125920;Sandnessundbrua;FV862 S2D1 m609;2022-03-08T05:00+01:00;2022-03-08T06:00+01:00;08.03.2022;05:00;06:00;Totalt i retning Kvaløya;25;100;1;1;0;0;100;18;7;1;1;5;0;0;0
02636V1125920;Sandnessundbrua;FV862 S2D1 m609;2022-03-08T05:00+01:00;2022-03-08T06:00+01:00;08.03.2022;05:00;06:00;Totalt i retning Tromsø;66;100;1;1;0;0;100;62;4;0;3;1;0;0;0
02636V1125920;Sandnessundbrua;FV862 S2D1 m609;2022-03-08T05:00+01:00;2022-03-08T06:00+01:00;08.03.2022;05:00;06:00;Totalt;91;100;1;1;0;0;100;80;11;1;4;6;0;0;0
02636V1125920;Sandnessundbrua;FV862 S2D1 m609;2022-03-08T06:00+01:00;2022-03-08T07:00+01:00;08.03.2022;06:00;07:00;1;127;100;1;1;0;0;100;105;22;5;3;12;2;2;0
02636V1125920;Sandnessundbrua;FV862 S2D1 m609;2022-03-08T06:00+01:00;2022-03-08T07:00+01:00;08.03.2022;06:00;07:00;2;473;100;1;1;0;0;100;458;15;3;3;9;0;0;0
02636V1125920;Sandnessundbrua;FV862 S2D1 m609;2022-03-08T06:00+01:00;2022-03-08T07:00+01:00;08.03.2022;06:00;07:00;Totalt i retning Kvaløya;127;100;1;1;0;0;100;105;22;5;3;12;2;2;0
02636V1125920;Sandnessundbrua;FV862 S2D1 m609;2022-03-08T06:00+01:00;2022-03-08T07:00+01:00;08.03.2022;06:00;07:00;Totalt i retning Tromsø;473;100;1;1;0;0;100;458;15;3;3;9;0;0;0
02636V1125920;Sandnessundbrua;FV862 S2D1 m609;2022-03-08T06:00+01:00;2022-03-08T07:00+01:00;08.03.2022;06:00;07:00;Totalt;600;100;1;1;0;0;100;563;37;8;6;21;2;2;0
02636V1125920;Sandnessundbrua;FV862 S2D1 m609;2022-03-08T07:00+01:00;2022-03-08T08:00+01:00;08.03.2022;07:00;08:00;1;240;100;1;1;0;0;100;205;35;7;9;19;0;0;0
02636V1125920;Sandnessundbrua;FV862 S2D1 m609;2022-03-08T07:00+01:00;2022-03-08T08:00+01:00;08.03.2022;07:00;08:00;2;1146;100;1;1;0;0;100;1105;41;12;7;21;1;1;0
02636V1125920;Sandnessundbrua;FV862 S2D1 m609;2022-03-08T07:00+01:00;2022-03-08T08:00+01:00;08.03.2022;07:00;08:00;Totalt i retning Kvaløya;240;100;1;1;0;0;100;205;35;7;9;19;0;0;0
02636V1125920;Sandnessundbrua;FV862 S2D1 m609;2022-03-08T07:00+01:00;2022-03-08T08:00+01:00;08.03.2022;07:00;08:00;Totalt i retning Tromsø;1146;100;1;1;0;0;100;1105;41;12;7;21;1;1;0
02636V1125920;Sandnessundbrua;FV862 S2D1 m609;2022-03-08T07:00+01:00;2022-03-08T08:00+01:00;08.03.2022;07:00;08:00;Totalt;1386;100;1;1;0;0;100;1310;76;19;16;40;1;1;0
02636V1125920;Sandnessundbrua;FV862 S2D1 m609;2022-03-08T08:00+01:00;2022-03-08T09:00+01:00;08.03.2022;08:00;09:00;1;306;100;1;1;0;0;100;271;35;7;12;16;0;0;0
02636V1125920;Sandnessundbrua;FV862 S2D1 m609;2022-03-08T08:00+01:00;2022-03-08T09:00+01:00;08.03.2022;08:00;09:00;2;662;100;1;1;0;0;100;618;44;9;16;18;1;1;0
02636V1125920;Sandnessundbrua;FV862 S2D1 m609;2022-03-08T08:00+01:00;2022-03-08T09:00+01:00;08.03.2022;08:00;09:00;Totalt i retning Kvaløya;306;100;1;1;0;0;100;271;35;7;12;16;0;0;0
02636V1125920;Sandnessundbrua;FV862 S2D1 m609;2022-03-08T08:00+01:00;2022-03-08T09:00+01:00;08.03.2022;08:00;09:00;Totalt i retning Tromsø;662;100;1;1;0;0;100;618;44;9;16;18;1;1;0
02636V1125920;Sandnessundbrua;FV862 S2D1 m609;2022-03-08T08:00+01:00;2022-03-08T09:00+01:00;08.03.2022;08:00;09:00;Totalt;968;100;1;1;0;0;100;889;79;16;28;34;1;1;0
02636V1125920;Sandnessundbrua;FV862 S2D1 m609;2022-03-08T09:00+01:00;2022-03-08T10:00+01:00;08.03.2022;09:00;10:00;1;257;100;1;1;0;0;100;217;40;13;11;14;2;2;0
02636V1125920;Sandnessundbrua;FV862 S2D1 m609;2022-03-08T09:00+01:00;2022-03-08T10:00+01:00;08.03.2022;09:00;10:00;2;508;100;1;1;0;0;100;474;34;8;11;14;1;1;0
02636V1125920;Sandnessundbrua;FV862 S2D1 m609;2022-03-08T09:00+01:00;2022-03-08T10:00+01:00;08.03.2022;09:00;10:00;Totalt i retning Kvaløya;257;100;1;1;0;0;100;217;40;13;11;14;2;2;0
02636V1125920;Sandnessundbrua;FV862 S2D1 m609;2022-03-08T09:00+01:00;2022-03-08T10:00+01:00;08.03.2022;09:00;10:00;Totalt i retning Tromsø;508;100;1;1;0;0;100;474;34;8;11;14;1;1;0
02636V1125920;Sandnessundbrua;FV862 S2D1 m609;2022-03-08T09:00+01:00;2022-03-08T10:00+01:00;08.03.2022;09:00;10:00;Totalt;765;100;1;1;0;0;100;691;74;21;22;28;3;3;0
02636V1125920;Sandnessundbrua;FV862 S2D1 m609;2022-03-08T10:00+01:00;2022-03-08T11:00+01:00;08.03.2022;10:00;11:00;1;392;100;1;1;0;0;100;360;32;10;9;9;4;4;0
02636V1125920;Sandnessundbrua;FV862 S2D1 m609;2022-03-08T10:00+01:00;2022-03-08T11:00+01:00;08.03.2022;10:00;11:00;2;449;100;1;1;0;0;100;409;40;14;16;9;1;1;0
02636V1125920;Sandnessundbrua;FV862 S2D1 m609;2022-03-08T10:00+01:00;2022-03-08T11:00+01:00;08.03.2022;10:00;11:00;Totalt i retning Kvaløya;392;100;1;1;0;0;100;360;32;10;9;9;4;4;0
02636V1125920;Sandnessundbrua;FV862 S2D1 m609;2022-03-08T10:00+01:00;2022-03-08T11:00+01:00;08.03.2022;10:00;11:00;Totalt i retning Tromsø;449;100;1;1;0;0;100;409;40;14;16;9;1;1;0
02636V1125920;Sandnessundbrua;FV862 S2D1 m609;2022-03-08T10:00+01:00;2022-03-08T11:00+01:00;08.03.2022;10:00;11:00;Totalt;841;100;1;1;0;0;100;769;72;24;25;18;5;5;0
02636V1125920;Sandnessundbrua;FV862 S2D1 m609;2022-03-08T11:00+01:00;2022-03-08T12:00+01:00;08.03.2022;11:00;12:00;1;430;100;1;1;0;0;100;400;30;8;11;9;2;2;0
02636V1125920;Sandnessundbrua;FV862 S2D1 m609;2022-03-08T11:00+01:00;2022-03-08T12:00+01:00;08.03.2022;11:00;12:00;2;462;100;1;1;0;0;100;429;33;7;11;10;5;5;0
02636V1125920;Sandnessundbrua;FV862 S2D1 m609;2022-03-08T11:00+01:00;2022-03-08T12:00+01:00;08.03.2022;11:00;12:00;Totalt i retning Kvaløya;430;100;1;1;0;0;100;400;30;8;11;9;2;2;0
02636V1125920;Sandnessundbrua;FV862 S2D1 m609;2022-03-08T11:00+01:00;2022-03-08T12:00+01:00;08.03.2022;11:00;12:00;Totalt i retning Tromsø;462;100;1;1;0;0;100;429;33;7;11;10;5;5;0
02636V1125920;Sandnessundbrua;FV862 S2D1 m609;2022-03-08T11:00+01:00;2022-03-08T12:00+01:00;08.03.2022;11:00;12:00;Totalt;892;100;1;1;0;0;100;829;63;15;22;19;7;7;0
02636V1125920;Sandnessundbrua;FV862 S2D1 m609;2022-03-08T12:00+01:00;2022-03-08T13:00+01:00;08.03.2022;12:00;13:00;1;484;100;1;1;0;0;100;455;29;8;9;10;2;2;0
02636V1125920;Sandnessundbrua;FV862 S2D1 m609;2022-03-08T12:00+01:00;2022-03-08T13:00+01:00;08.03.2022;12:00;13:00;2;459;100;1;1;0;0;100;428;31;11;11;8;1;1;0
02636V1125920;Sandnessundbrua;FV862 S2D1 m609;2022-03-08T12:00+01:00;2022-03-08T13:00+01:00;08.03.2022;12:00;13:00;Totalt i retning Kvaløya;484;100;1;1;0;0;100;455;29;8;9;10;2;2;0
02636V1125920;Sandnessundbrua;FV862 S2D1 m609;2022-03-08T12:00+01:00;2022-03-08T13:00+01:00;08.03.2022;12:00;13:00;Totalt i retning Tromsø;459;100;1;1;0;0;100;428;31;11;11;8;1;1;0
02636V1125920;Sandnessundbrua;FV862 S2D1 m609;2022-03-08T12:00+01:00;2022-03-08T13:00+01:00;08.03.2022;12:00;13:00;Totalt;943;100;1;1;0;0;100;883;60;19;20;18;3;3;0
02636V1125920;Sandnessundbrua;FV862 S2D1 m609;2022-03-08T13:00+01:00;2022-03-08T14:00+01:00;08.03.2022;13:00;14:00;1;523;100;1;1;0;0;100;482;41;8;18;12;3;3;0
02636V1125920;Sandnessundbrua;FV862 S2D1 m609;2022-03-08T13:00+01:00;2022-03-08T14:00+01:00;08.03.2022;13:00;14:00;2;461;100;1;1;0;0;100;433;28;5;10;11;2;2;0
02636V1125920;Sandnessundbrua;FV862 S2D1 m609;2022-03-08T13:00+01:00;2022-03-08T14:00+01:00;08.03.2022;13:00;14:00;Totalt i retning Kvaløya;523;100;1;1;0;0;100;482;41;8;18;12;3;3;0
02636V1125920;Sandnessundbrua;FV862 S2D1 m609;2022-03-08T13:00+01:00;2022-03-08T14:00+01:00;08.03.2022;13:00;14:00;Totalt i retning Tromsø;461;100;1;1;0;0;100;433;28;5;10;11;2;2;0
02636V1125920;Sandnessundbrua;FV862 S2D1 m609;2022-03-08T13:00+01:00;2022-03-08T14:00+01:00;08.03.2022;13:00;14:00;Totalt;984;100;1;1;0;0;100;915;69;13;28;23;5;5;0
02636V1125920;Sandnessundbrua;FV862 S2D1 m609;2022-03-08T14:00+01:00;2022-03-08T15:00+01:00;08.03.2022;14:00;15:00;1;667;100;1;1;0;0;100;636;31;10;6;12;3;3;0
02636V1125920;Sandnessundbrua;FV862 S2D1 m609;2022-03-08T14:00+01:00;2022-03-08T15:00+01:00;08.03.2022;14:00;15:00;2;462;100;1;1;0;0;100;430;32;6;13;11;2;2;0
02636V1125920;Sandnessundbrua;FV862 S2D1 m609;2022-03-08T14:00+01:00;2022-03-08T15:00+01:00;08.03.2022;14:00;15:00;Totalt i retning Kvaløya;667;100;1;1;0;0;100;636;31;10;6;12;3;3;0
02636V1125920;Sandnessundbrua;FV862 S2D1 m609;2022-03-08T14:00+01:00;2022-03-08T15:00+01:00;08.03.2022;14:00;15:00;Totalt i retning Tromsø;462;100;1;1;0;0;100;430;32;6;13;11;2;2;0
02636V1125920;Sandnessundbrua;FV862 S2D1 m609;2022-03-08T14:00+01:00;2022-03-08T15:00+01:00;08.03.2022;14:00;15:00;Totalt;1129;100;1;1;0;0;100;1066;63;16;19;23;5;5;0
02636V1125920;Sandnessundbrua;FV862 S2D1 m609;2022-03-08T15:00+01:00;2022-03-08T16:00+01:00;08.03.2022;15:00;16:00;1;1130;100;1;1;0;0;100;1088;42;17;7;17;1;1;0
02636V1125920;Sandnessundbrua;FV862 S2D1 m609;2022-03-08T15:00+01:00;2022-03-08T16:00+01:00;08.03.2022;15:00;16:00;2;566;100;1;1;0;0;100;524;42;9;11;20;2;2;0
02636V1125920;Sandnessundbrua;FV862 S2D1 m609;2022-03-08T15:00+01:00;2022-03-08T16:00+01:00;08.03.2022;15:00;16:00;Totalt i retning Kvaløya;1130;100;1;1;0;0;100;1088;42;17;7;17;1;1;0
02636V1125920;Sandnessundbrua;FV862 S2D1 m609;2022-03-08T15:00+01:00;2022-03-08T16:00+01:00;08.03.2022;15:00;16:00;Totalt i retning Tromsø;566;100;1;1;0;0;100;524;42;9;11;20;2;2;0
02636V1125920;Sandnessundbrua;FV862 S2D1 m609;2022-03-08T15:00+01:00;2022-03-08T16:00+01:00;08.03.2022;15:00;16:00;Totalt;1696;100;1;1;0;0;100;1612;84;26;18;37;3;3;0
02636V1125920;Sandnessundbrua;FV862 S2D1 m609;2022-03-08T16:00+01:00;2022-03-08T17:00+01:00;08.03.2022;16:00;17:00;1;1030;100;1;1;0;0;100;986;44;11;8;22;3;3;0
02636V1125920;Sandnessundbrua;FV862 S2D1 m609;2022-03-08T16:00+01:00;2022-03-08T17:00+01:00;08.03.2022;16:00;17:00;2;474;100;1;1;0;0;100;440;34;9;7;17;1;1;0
02636V1125920;Sandnessundbrua;FV862 S2D1 m609;2022-03-08T16:00+01:00;2022-03-08T17:00+01:00;08.03.2022;16:00;17:00;Totalt i retning Kvaløya;1031;100;1;1;0;0;100;987;44;11;8;22;3;3;0
02636V1125920;Sandnessundbrua;FV862 S2D1 m609;2022-03-08T16:00+01:00;2022-03-08T17:00+01:00;08.03.2022;16:00;17:00;Totalt i retning Tromsø;473;100;1;1;0;0;100;439;34;9;7;17;1;1;0
02636V1125920;Sandnessundbrua;FV862 S2D1 m609;2022-03-08T16:00+01:00;2022-03-08T17:00+01:00;08.03.2022;16:00;17:00;Totalt;1504;100;1;1;0;0;100;1426;78;20;15;39;4;4;0
02636V1125920;Sandnessundbrua;FV862 S2D1 m609;2022-03-08T17:00+01:00;2022-03-08T18:00+01:00;08.03.2022;17:00;18:00;1;543;100;1;1;0;0;100;521;22;6;7;9;0;0;0
02636V1125920;Sandnessundbrua;FV862 S2D1 m609;2022-03-08T17:00+01:00;2022-03-08T18:00+01:00;08.03.2022;17:00;18:00;2;426;100;1;1;0;0;100;405;21;4;3;12;2;2;0
02636V1125920;Sandnessundbrua;FV862 S2D1 m609;2022-03-08T17:00+01:00;2022-03-08T18:00+01:00;08.03.2022;17:00;18:00;Totalt i retning Kvaløya;543;100;1;1;0;0;100;521;22;6;7;9;0;0;0
02636V1125920;Sandnessundbrua;FV862 S2D1 m609;2022-03-08T17:00+01:00;2022-03-08T18:00+01:00;08.03.2022;17:00;18:00;Totalt i retning Tromsø;426;100;1;1;0;0;100;405;21;4;3;12;2;2;0
02636V1125920;Sandnessundbrua;FV862 S2D1 m609;2022-03-08T17:00+01:00;2022-03-08T18:00+01:00;08.03.2022;17:00;18:00;Totalt;969;100;1;1;0;0;100;926;43;10;10;21;2;2;0
02636V1125920;Sandnessundbrua;FV862 S2D1 m609;2022-03-08T18:00+01:00;2022-03-08T19:00+01:00;08.03.2022;18:00;19:00;1;474;100;1;1;0;0;100;455;19;2;6;10;1;1;0
02636V1125920;Sandnessundbrua;FV862 S2D1 m609;2022-03-08T18:00+01:00;2022-03-08T19:00+01:00;08.03.2022;18:00;19:00;2;463;100;1;1;0;0;100;447;16;4;4;7;1;1;0
02636V1125920;Sandnessundbrua;FV862 S2D1 m609;2022-03-08T18:00+01:00;2022-03-08T19:00+01:00;08.03.2022;18:00;19:00;Totalt i retning Kvaløya;474;100;1;1;0;0;100;455;19;2;6;10;1;1;0
02636V1125920;Sandnessundbrua;FV862 S2D1 m609;2022-03-08T18:00+01:00;2022-03-08T19:00+01:00;08.03.2022;18:00;19:00;Totalt i retning Tromsø;463;100;1;1;0;0;100;447;16;4;4;7;1;1;0
02636V1125920;Sandnessundbrua;FV862 S2D1 m609;2022-03-08T18:00+01:00;2022-03-08T19:00+01:00;08.03.2022;18:00;19:00;Totalt;937;100;1;1;0;0;100;902;35;6;10;17;2;2;0
02636V1125920;Sandnessundbrua;FV862 S2D1 m609;2022-03-08T19:00+01:00;2022-03-08T20:00+01:00;08.03.2022;19:00;20:00;1;481;100;1;1;0;0;100;467;14;2;4;7;1;1;0
02636V1125920;Sandnessundbrua;FV862 S2D1 m609;2022-03-08T19:00+01:00;2022-03-08T20:00+01:00;08.03.2022;19:00;20:00;2;347;100;1;1;0;0;100;333;14;3;3;8;0;0;0
02636V1125920;Sandnessundbrua;FV862 S2D1 m609;2022-03-08T19:00+01:00;2022-03-08T20:00+01:00;08.03.2022;19:00;20:00;Totalt i retning Kvaløya;481;100;1;1;0;0;100;467;14;2;4;7;1;1;0
02636V1125920;Sandnessundbrua;FV862 S2D1 m609;2022-03-08T19:00+01:00;2022-03-08T20:00+01:00;08.03.2022;19:00;20:00;Totalt i retning Tromsø;347;100;1;1;0;0;100;333;14;3;3;8;0;0;0
02636V1125920;Sandnessundbrua;FV862 S2D1 m609;2022-03-08T19:00+01:00;2022-03-08T20:00+01:00;08.03.2022;19:00;20:00;Totalt;828;100;1;1;0;0;100;800;28;5;7;15;1;1;0
02636V1125920;Sandnessundbrua;FV862 S2D1 m609;2022-03-08T20:00+01:00;2022-03-08T21:00+01:00;08.03.2022;20:00;21:00;1;412;100;1;1;0;0;100;400;12;4;1;7;0;0;0
02636V1125920;Sandnessundbrua;FV862 S2D1 m609;2022-03-08T20:00+01:00;2022-03-08T21:00+01:00;08.03.2022;20:00;21:00;2;295;100;1;1;0;0;100;283;12;2;2;6;2;2;0
02636V1125920;Sandnessundbrua;FV862 S2D1 m609;2022-03-08T20:00+01:00;2022-03-08T21:00+01:00;08.03.2022;20:00;21:00;Totalt i retning Kvaløya;412;100;1;1;0;0;100;400;12;4;1;7;0;0;0
02636V1125920;Sandnessundbrua;FV862 S2D1 m609;2022-03-08T20:00+01:00;2022-03-08T21:00+01:00;08.03.2022;20:00;21:00;Totalt i retning Tromsø;295;100;1;1;0;0;100;283;12;2;2;6;2;2;0
02636V1125920;Sandnessundbrua;FV862 S2D1 m609;2022-03-08T20:00+01:00;2022-03-08T21:00+01:00;08.03.2022;20:00;21:00;Totalt;707;100;1;1;0;0;100;683;24;6;3;13;2;2;0
02636V1125920;Sandnessundbrua;FV862 S2D1 m609;2022-03-08T21:00+01:00;2022-03-08T22:00+01:00;08.03.2022;21:00;22:00;1;329;100;1;1;0;0;100;318;11;3;1;6;1;1;0
02636V1125920;Sandnessundbrua;FV862 S2D1 m609;2022-03-08T21:00+01:00;2022-03-08T22:00+01:00;08.03.2022;21:00;22:00;2;217;100;1;1;0;0;100;209;8;1;2;5;0;0;0
02636V1125920;Sandnessundbrua;FV862 S2D1 m609;2022-03-08T21:00+01:00;2022-03-08T22:00+01:00;08.03.2022;21:00;22:00;Totalt i retning Kvaløya;329;100;1;1;0;0;100;318;11;3;1;6;1;1;0
02636V1125920;Sandnessundbrua;FV862 S2D1 m609;2022-03-08T21:00+01:00;2022-03-08T22:00+01:00;08.03.2022;21:00;22:00;Totalt i retning Tromsø;217;100;1;1;0;0;100;209;8;1;2;5;0;0;0
02636V1125920;Sandnessundbrua;FV862 S2D1 m609;2022-03-08T21:00+01:00;2022-03-08T22:00+01:00;08.03.2022;21:00;22:00;Totalt;546;100;1;1;0;0;100;527;19;4;3;11;1;1;0
02636V1125920;Sandnessundbrua;FV862 S2D1 m609;2022-03-08T22:00+01:00;2022-03-08T23:00+01:00;08.03.2022;22:00;23:00;1;234;100;1;1;0;0;100;226;8;3;1;4;0;0;0
02636V1125920;Sandnessundbrua;FV862 S2D1 m609;2022-03-08T22:00+01:00;2022-03-08T23:00+01:00;08.03.2022;22:00;23:00;2;144;100;1;1;0;0;100;135;9;0;2;6;1;1;0
02636V1125920;Sandnessundbrua;FV862 S2D1 m609;2022-03-08T22:00+01:00;2022-03-08T23:00+01:00;08.03.2022;22:00;23:00;Totalt i retning Kvaløya;234;100;1;1;0;0;100;226;8;3;1;4;0;0;0
02636V1125920;Sandnessundbrua;FV862 S2D1 m609;2022-03-08T22:00+01:00;2022-03-08T23:00+01:00;08.03.2022;22:00;23:00;Totalt i retning Tromsø;144;100;1;1;0;0;100;135;9;0;2;6;1;1;0
02636V1125920;Sandnessundbrua;FV862 S2D1 m609;2022-03-08T22:00+01:00;2022-03-08T23:00+01:00;08.03.2022;22:00;23:00;Totalt;378;100;1;1;0;0;100;361;17;3;3;10;1;1;0
02636V1125920;Sandnessundbrua;FV862 S2D1 m609;2022-03-08T23:00+01:00;2022-03-09T00:00+01:00;08.03.2022;23:00;00:00;1;103;100;1;1;0;0;100;99;4;0;0;4;0;0;0
02636V1125920;Sandnessundbrua;FV862 S2D1 m609;2022-03-08T23:00+01:00;2022-03-09T00:00+01:00;08.03.2022;23:00;00:00;2;75;100;1;1;0;0;100;69;6;1;0;4;1;1;0
02636V1125920;Sandnessundbrua;FV862 S2D1 m609;2022-03-08T23:00+01:00;2022-03-09T00:00+01:00;08.03.2022;23:00;00:00;Totalt i retning Kvaløya;103;100;1;1;0;0;100;99;4;0;0;4;0;0;0
02636V1125920;Sandnessundbrua;FV862 S2D1 m609;2022-03-08T23:00+01:00;2022-03-09T00:00+01:00;08.03.2022;23:00;00:00;Totalt i retning Tromsø;75;100;1;1;0;0;100;69;6;1;0;4;1;1;0
02636V1125920;Sandnessundbrua;FV862 S2D1 m609;2022-03-08T23:00+01:00;2022-03-09T00:00+01:00;08.03.2022;23:00;00:00;Totalt;178;100;1;1;0;0;100;168;10;1;0;8;1;1;0
31157V2782679;Tromsøysundtunnelen T2;EV8 S2D1 m5455;2022-03-08T00:00+01:00;2022-03-08T01:00+01:00;08.03.2022;00:00;01:00;1;0;100;1;1;0;0;100;0;0;0;0;0;0;0;0
31157V2782679;Tromsøysundtunnelen T2;EV8 S2D1 m5455;2022-03-08T00:00+01:00;2022-03-08T01:00+01:00;08.03.2022;00:00;01:00;3;0;100;1;1;0;0;100;0;0;0;0;0;0;0;0
31157V2782679;Tromsøysundtunnelen T2;EV8 S2D1 m5455;2022-03-08T00:00+01:00;2022-03-08T01:00+01:00;08.03.2022;00:00;01:00;Totalt i retning Tomasjord;0;100;1;1;0;0;100;0;0;0;0;0;0;0;0
31157V2782679;Tromsøysundtunnelen T2;EV8 S2D1 m5455;2022-03-08T00:00+01:00;2022-03-08T01:00+01:00;08.03.2022;00:00;01:00;Totalt i retning Tromsøya;0;100;1;1;0;0;100;0;0;0;0;0;0;0;0
31157V2782679;Tromsøysundtunnelen T2;EV8 S2D1 m5455;2022-03-08T00:00+01:00;2022-03-08T01:00+01:00;08.03.2022;00:00;01:00;Totalt;0;100;1;1;0;0;100;0;0;0;0;0;0;0;0
31157V2782679;Tromsøysundtunnelen T2;EV8 S2D1 m5455;2022-03-08T01:00+01:00;2022-03-08T02:00+01:00;08.03.2022;01:00;02:00;1;2;100;1;1;0;0;100;2;0;0;0;0;0;0;0
31157V2782679;Tromsøysundtunnelen T2;EV8 S2D1 m5455;2022-03-08T01:00+01:00;2022-03-08T02:00+01:00;08.03.2022;01:00;02:00;3;0;100;1;1;0;0;100;0;0;0;0;0;0;0;0
31157V2782679;Tromsøysundtunnelen T2;EV8 S2D1 m5455;2022-03-08T01:00+01:00;2022-03-08T02:00+01:00;08.03.2022;01:00;02:00;Totalt i retning Tomasjord;0;100;1;1;0;0;100;0;0;0;0;0;0;0;0
31157V2782679;Tromsøysundtunnelen T2;EV8 S2D1 m5455;2022-03-08T01:00+01:00;2022-03-08T02:00+01:00;08.03.2022;01:00;02:00;Totalt i retning Tromsøya;2;100;1;1;0;0;100;2;0;0;0;0;0;0;0
31157V2782679;Tromsøysundtunnelen T2;EV8 S2D1 m5455;2022-03-08T01:00+01:00;2022-03-08T02:00+01:00;08.03.2022;01:00;02:00;Totalt;2;100;1;1;0;0;100;2;0;0;0;0;0;0;0
31157V2782679;Tromsøysundtunnelen T2;EV8 S2D1 m5455;2022-03-08T02:00+01:00;2022-03-08T03:00+01:00;08.03.2022;02:00;03:00;1;0;100;1;1;0;0;100;0;0;0;0;0;0;0;0
31157V2782679;Tromsøysundtunnelen T2;EV8 S2D1 m5455;2022-03-08T02:00+01:00;2022-03-08T03:00+01:00;08.03.2022;02:00;03:00;3;0;100;1;1;0;0;100;0;0;0;0;0;0;0;0
31157V2782679;Tromsøysundtunnelen T2;EV8 S2D1 m5455;2022-03-08T02:00+01:00;2022-03-08T03:00+01:00;08.03.2022;02:00;03:00;Totalt i retning Tomasjord;0;100;1;1;0;0;100;0;0;0;0;0;0;0;0
31157V2782679;Tromsøysundtunnelen T2;EV8 S2D1 m5455;2022-03-08T02:00+01:00;2022-03-08T03:00+01:00;08.03.2022;02:00;03:00;Totalt i retning Tromsøya;0;100;1;1;0;0;100;0;0;0;0;0;0;0;0
31157V2782679;Tromsøysundtunnelen T2;EV8 S2D1 m5455;2022-03-08T02:00+01:00;2022-03-08T03:00+01:00;08.03.2022;02:00;03:00;Totalt;0;100;1;1;0;0;100;0;0;0;0;0;0;0;0
31157V2782679;Tromsøysundtunnelen T2;EV8 S2D1 m5455;2022-03-08T03:00+01:00;2022-03-08T04:00+01:00;08.03.2022;03:00;04:00;1;0;100;1;1;0;0;100;0;0;0;0;0;0;0;0
31157V2782679;Tromsøysundtunnelen T2;EV8 S2D1 m5455;2022-03-08T03:00+01:00;2022-03-08T04:00+01:00;08.03.2022;03:00;04:00;3;0;100;1;1;0;0;100;0;0;0;0;0;0;0;0
31157V2782679;Tromsøysundtunnelen T2;EV8 S2D1 m5455;2022-03-08T03:00+01:00;2022-03-08T04:00+01:00;08.03.2022;03:00;04:00;Totalt i retning Tomasjord;0;100;1;1;0;0;100;0;0;0;0;0;0;0;0
31157V2782679;Tromsøysundtunnelen T2;EV8 S2D1 m5455;2022-03-08T03:00+01:00;2022-03-08T04:00+01:00;08.03.2022;03:00;04:00;Totalt i retning Tromsøya;0;100;1;1;0;0;100;0;0;0;0;0;0;0;0
31157V2782679;Tromsøysundtunnelen T2;EV8 S2D1 m5455;2022-03-08T03:00+01:00;2022-03-08T04:00+01:00;08.03.2022;03:00;04:00;Totalt;0;100;1;1;0;0;100;0;0;0;0;0;0;0;0
31157V2782679;Tromsøysundtunnelen T2;EV8 S2D1 m5455;2022-03-08T04:00+01:00;2022-03-08T05:00+01:00;08.03.2022;04:00;05:00;1;0;100;1;1;0;0;100;0;0;0;0;0;0;0;0
31157V2782679;Tromsøysundtunnelen T2;EV8 S2D1 m5455;2022-03-08T04:00+01:00;2022-03-08T05:00+01:00;08.03.2022;04:00;05:00;3;2;100;1;1;0;0;100;2;0;0;0;0;0;0;0
31157V2782679;Tromsøysundtunnelen T2;EV8 S2D1 m5455;2022-03-08T04:00+01:00;2022-03-08T05:00+01:00;08.03.2022;04:00;05:00;Totalt i retning Tomasjord;0;100;1;1;0;0;100;0;0;0;0;0;0;0;0
31157V2782679;Tromsøysundtunnelen T2;EV8 S2D1 m5455;2022-03-08T04:00+01:00;2022-03-08T05:00+01:00;08.03.2022;04:00;05:00;Totalt i retning Tromsøya;2;100;1;1;0;0;100;2;0;0;0;0;0;0;0
31157V2782679;Tromsøysundtunnelen T2;EV8 S2D1 m5455;2022-03-08T04:00+01:00;2022-03-08T05:00+01:00;08.03.2022;04:00;05:00;Totalt;2;100;1;1;0;0;100;2;0;0;0;0;0;0;0
31157V2782679;Tromsøysundtunnelen T2;EV8 S2D1 m5455;2022-03-08T05:00+01:00;2022-03-08T06:00+01:00;08.03.2022;05:00;06:00;1;47;100;1;1;0;0;100;42;5;2;0;1;2;2;0
31157V2782679;Tromsøysundtunnelen T2;EV8 S2D1 m5455;2022-03-08T05:00+01:00;2022-03-08T06:00+01:00;08.03.2022;05:00;06:00;3;4;100;1;1;0;0;100;4;0;0;0;0;0;0;0
31157V2782679;Tromsøysundtunnelen T2;EV8 S2D1 m5455;2022-03-08T05:00+01:00;2022-03-08T06:00+01:00;08.03.2022;05:00;06:00;Totalt i retning Tomasjord;0;100;1;1;0;0;100;0;0;0;0;0;0;0;0
31157V2782679;Tromsøysundtunnelen T2;EV8 S2D1 m5455;2022-03-08T05:00+01:00;2022-03-08T06:00+01:00;08.03.2022;05:00;06:00;Totalt i retning Tromsøya;51;100;1;1;0;0;100;46;5;2;0;1;2;2;0
31157V2782679;Tromsøysundtunnelen T2;EV8 S2D1 m5455;2022-03-08T05:00+01:00;2022-03-08T06:00+01:00;08.03.2022;05:00;06:00;Totalt;51;100;1;1;0;0;100;46;5;2;0;1;2;2;0
31157V2782679;Tromsøysundtunnelen T2;EV8 S2D1 m5455;2022-03-08T06:00+01:00;2022-03-08T07:00+01:00;08.03.2022;06:00;07:00;1;359;100;1;1;0;0;100;326;33;17;8;5;3;3;0
31157V2782679;Tromsøysundtunnelen T2;EV8 S2D1 m5455;2022-03-08T06:00+01:00;2022-03-08T07:00+01:00;08.03.2022;06:00;07:00;3;72;100;1;1;0;0;100;68;4;4;0;0;0;0;0
31157V2782679;Tromsøysundtunnelen T2;EV8 S2D1 m5455;2022-03-08T06:00+01:00;2022-03-08T07:00+01:00;08.03.2022;06:00;07:00;Totalt i retning Tomasjord;0;100;1;1;0;0;100;0;0;0;0;0;0;0;0
31157V2782679;Tromsøysundtunnelen T2;EV8 S2D1 m5455;2022-03-08T06:00+01:00;2022-03-08T07:00+01:00;08.03.2022;06:00;07:00;Totalt i retning Tromsøya;431;100;1;1;0;0;100;394;37;21;8;5;3;3;0
31157V2782679;Tromsøysundtunnelen T2;EV8 S2D1 m5455;2022-03-08T06:00+01:00;2022-03-08T07:00+01:00;08.03.2022;06:00;07:00;Totalt;431;100;1;1;0;0;100;394;37;21;8;5;3;3;0
31157V2782679;Tromsøysundtunnelen T2;EV8 S2D1 m5455;2022-03-08T07:00+01:00;2022-03-08T08:00+01:00;08.03.2022;07:00;08:00;1;852;100;1;1;0;0;100;778;74;48;11;9;6;6;0
31157V2782679;Tromsøysundtunnelen T2;EV8 S2D1 m5455;2022-03-08T07:00+01:00;2022-03-08T08:00+01:00;08.03.2022;07:00;08:00;3;266;100;1;1;0;0;100;252;14;13;0;1;0;0;0
31157V2782679;Tromsøysundtunnelen T2;EV8 S2D1 m5455;2022-03-08T07:00+01:00;2022-03-08T08:00+01:00;08.03.2022;07:00;08:00;Totalt i retning Tomasjord;0;100;1;1;0;0;100;0;0;0;0;0;0;0;0
31157V2782679;Tromsøysundtunnelen T2;EV8 S2D1 m5455;2022-03-08T07:00+01:00;2022-03-08T08:00+01:00;08.03.2022;07:00;08:00;Totalt i retning Tromsøya;1118;100;1;1;0;0;100;1030;88;61;11;10;6;6;0
31157V2782679;Tromsøysundtunnelen T2;EV8 S2D1 m5455;2022-03-08T07:00+01:00;2022-03-08T08:00+01:00;08.03.2022;07:00;08:00;Totalt;1118;100;1;1;0;0;100;1030;88;61;11;10;6;6;0
31157V2782679;Tromsøysundtunnelen T2;EV8 S2D1 m5455;2022-03-08T08:00+01:00;2022-03-08T09:00+01:00;08.03.2022;08:00;09:00;1;510;100;1;1;0;0;100;453;57;28;15;10;4;4;0
31157V2782679;Tromsøysundtunnelen T2;EV8 S2D1 m5455;2022-03-08T08:00+01:00;2022-03-08T09:00+01:00;08.03.2022;08:00;09:00;3;90;100;1;1;0;0;100;87;3;3;0;0;0;0;0
31157V2782679;Tromsøysundtunnelen T2;EV8 S2D1 m5455;2022-03-08T08:00+01:00;2022-03-08T09:00+01:00;08.03.2022;08:00;09:00;Totalt i retning Tomasjord;0;100;1;1;0;0;100;0;0;0;0;0;0;0;0
31157V2782679;Tromsøysundtunnelen T2;EV8 S2D1 m5455;2022-03-08T08:00+01:00;2022-03-08T09:00+01:00;08.03.2022;08:00;09:00;Totalt i retning Tromsøya;600;100;1;1;0;0;100;540;60;31;15;10;4;4;0
31157V2782679;Tromsøysundtunnelen T2;EV8 S2D1 m5455;2022-03-08T08:00+01:00;2022-03-08T09:00+01:00;08.03.2022;08:00;09:00;Totalt;600;100;1;1;0;0;100;540;60;31;15;10;4;4;0
31157V2782679;Tromsøysundtunnelen T2;EV8 S2D1 m5455;2022-03-08T09:00+01:00;2022-03-08T10:00+01:00;08.03.2022;09:00;10:00;1;299;100;1;1;0;0;100;240;59;26;18;6;9;7;2
31157V2782679;Tromsøysundtunnelen T2;EV8 S2D1 m5455;2022-03-08T09:00+01:00;2022-03-08T10:00+01:00;08.03.2022;09:00;10:00;3;34;100;1;1;0;0;100;32;2;2;0;0;0;0;0
31157V2782679;Tromsøysundtunnelen T2;EV8 S2D1 m5455;2022-03-08T09:00+01:00;2022-03-08T10:00+01:00;08.03.2022;09:00;10:00;Totalt i retning Tomasjord;0;100;1;1;0;0;100;0;0;0;0;0;0;0;0
31157V2782679;Tromsøysundtunnelen T2;EV8 S2D1 m5455;2022-03-08T09:00+01:00;2022-03-08T10:00+01:00;08.03.2022;09:00;10:00;Totalt i retning Tromsøya;333;100;1;1;0;0;100;272;61;28;18;6;9;7;2
31157V2782679;Tromsøysundtunnelen T2;EV8 S2D1 m5455;2022-03-08T09:00+01:00;2022-03-08T10:00+01:00;08.03.2022;09:00;10:00;Totalt;333;100;1;1;0;0;100;272;61;28;18;6;9;7;2
31157V2782679;Tromsøysundtunnelen T2;EV8 S2D1 m5455;2022-03-08T10:00+01:00;2022-03-08T11:00+01:00;08.03.2022;10:00;11:00;1;319;100;1;1;0;0;100;263;56;29;19;3;5;5;0
31157V2782679;Tromsøysundtunnelen T2;EV8 S2D1 m5455;2022-03-08T10:00+01:00;2022-03-08T11:00+01:00;08.03.2022;10:00;11:00;3;24;100;1;1;0;0;100;23;1;1;0;0;0;0;0
31157V2782679;Tromsøysundtunnelen T2;EV8 S2D1 m5455;2022-03-08T10:00+01:00;2022-03-08T11:00+01:00;08.03.2022;10:00;11:00;Totalt i retning Tomasjord;0;100;1;1;0;0;100;0;0;0;0;0;0;0;0
31157V2782679;Tromsøysundtunnelen T2;EV8 S2D1 m5455;2022-03-08T10:00+01:00;2022-03-08T11:00+01:00;08.03.2022;10:00;11:00;Totalt i retning Tromsøya;343;100;1;1;0;0;100;286;57;30;19;3;5;5;0
31157V2782679;Tromsøysundtunnelen T2;EV8 S2D1 m5455;2022-03-08T10:00+01:00;2022-03-08T11:00+01:00;08.03.2022;10:00;11:00;Totalt;343;100;1;1;0;0;100;286;57;30;19;3;5;5;0
31157V2782679;Tromsøysundtunnelen T2;EV8 S2D1 m5455;2022-03-08T11:00+01:00;2022-03-08T12:00+01:00;08.03.2022;11:00;12:00;1;263;100;1;1;0;0;100;224;39;27;9;0;3;3;0
31157V2782679;Tromsøysundtunnelen T2;EV8 S2D1 m5455;2022-03-08T11:00+01:00;2022-03-08T12:00+01:00;08.03.2022;11:00;12:00;3;15;100;1;1;0;0;100;14;1;1;0;0;0;0;0
31157V2782679;Tromsøysundtunnelen T2;EV8 S2D1 m5455;2022-03-08T11:00+01:00;2022-03-08T12:00+01:00;08.03.2022;11:00;12:00;Totalt i retning Tomasjord;0;100;1;1;0;0;100;0;0;0;0;0;0;0;0
31157V2782679;Tromsøysundtunnelen T2;EV8 S2D1 m5455;2022-03-08T11:00+01:00;2022-03-08T12:00+01:00;08.03.2022;11:00;12:00;Totalt i retning Tromsøya;278;100;1;1;0;0;100;238;40;28;9;0;3;3;0
31157V2782679;Tromsøysundtunnelen T2;EV8 S2D1 m5455;2022-03-08T11:00+01:00;2022-03-08T12:00+01:00;08.03.2022;11:00;12:00;Totalt;278;100;1;1;0;0;100;238;40;28;9;0;3;3;0
31157V2782679;Tromsøysundtunnelen T2;EV8 S2D1 m5455;2022-03-08T12:00+01:00;2022-03-08T13:00+01:00;08.03.2022;12:00;13:00;1;307;100;1;1;0;0;100;251;56;35;13;3;5;5;0
31157V2782679;Tromsøysundtunnelen T2;EV8 S2D1 m5455;2022-03-08T12:00+01:00;2022-03-08T13:00+01:00;08.03.2022;12:00;13:00;3;17;100;1;1;0;0;100;16;1;1;0;0;0;0;0
31157V2782679;Tromsøysundtunnelen T2;EV8 S2D1 m5455;2022-03-08T12:00+01:00;2022-03-08T13:00+01:00;08.03.2022;12:00;13:00;Totalt i retning Tomasjord;0;100;1;1;0;0;100;0;0;0;0;0;0;0;0
31157V2782679;Tromsøysundtunnelen T2;EV8 S2D1 m5455;2022-03-08T12:00+01:00;2022-03-08T13:00+01:00;08.03.2022;12:00;13:00;Totalt i retning Tromsøya;324;100;1;1;0;0;100;267;57;36;13;3;5;5;0
31157V2782679;Tromsøysundtunnelen T2;EV8 S2D1 m5455;2022-03-08T12:00+01:00;2022-03-08T13:00+01:00;08.03.2022;12:00;13:00;Totalt;324;100;1;1;0;0;100;267;57;36;13;3;5;5;0
31157V2782679;Tromsøysundtunnelen T2;EV8 S2D1 m5455;2022-03-08T13:00+01:00;2022-03-08T14:00+01:00;08.03.2022;13:00;14:00;1;306;100;1;1;0;0;100;256;50;20;20;3;7;6;1
31157V2782679;Tromsøysundtunnelen T2;EV8 S2D1 m5455;2022-03-08T13:00+01:00;2022-03-08T14:00+01:00;08.03.2022;13:00;14:00;3;21;100;1;1;0;0;100;20;1;1;0;0;0;0;0
31157V2782679;Tromsøysundtunnelen T2;EV8 S2D1 m5455;2022-03-08T13:00+01:00;2022-03-08T14:00+01:00;08.03.2022;13:00;14:00;Totalt i retning Tomasjord;0;100;1;1;0;0;100;0;0;0;0;0;0;0;0
31157V2782679;Tromsøysundtunnelen T2;EV8 S2D1 m5455;2022-03-08T13:00+01:00;2022-03-08T14:00+01:00;08.03.2022;13:00;14:00;Totalt i retning Tromsøya;327;100;1;1;0;0;100;276;51;21;20;3;7;6;1
31157V2782679;Tromsøysundtunnelen T2;EV8 S2D1 m5455;2022-03-08T13:00+01:00;2022-03-08T14:00+01:00;08.03.2022;13:00;14:00;Totalt;327;100;1;1;0;0;100;276;51;21;20;3;7;6;1
31157V2782679;Tromsøysundtunnelen T2;EV8 S2D1 m5455;2022-03-08T14:00+01:00;2022-03-08T15:00+01:00;08.03.2022;14:00;15:00;1;280;100;1;1;0;0;100;232;48;25;14;3;6;6;0
31157V2782679;Tromsøysundtunnelen T2;EV8 S2D1 m5455;2022-03-08T14:00+01:00;2022-03-08T15:00+01:00;08.03.2022;14:00;15:00;3;33;100;1;1;0;0;100;30;3;2;1;0;0;0;0
31157V2782679;Tromsøysundtunnelen T2;EV8 S2D1 m5455;2022-03-08T14:00+01:00;2022-03-08T15:00+01:00;08.03.2022;14:00;15:00;Totalt i retning Tomasjord;0;100;1;1;0;0;100;0;0;0;0;0;0;0;0
31157V2782679;Tromsøysundtunnelen T2;EV8 S2D1 m5455;2022-03-08T14:00+01:00;2022-03-08T15:00+01:00;08.03.2022;14:00;15:00;Totalt i retning Tromsøya;313;100;1;1;0;0;100;262;51;27;15;3;6;6;0
31157V2782679;Tromsøysundtunnelen T2;EV8 S2D1 m5455;2022-03-08T14:00+01:00;2022-03-08T15:00+01:00;08.03.2022;14:00;15:00;Totalt;313;100;1;1;0;0;100;262;51;27;15;3;6;6;0
31157V2782679;Tromsøysundtunnelen T2;EV8 S2D1 m5455;2022-03-08T15:00+01:00;2022-03-08T16:00+01:00;08.03.2022;15:00;16:00;1;341;100;1;1;0;0;100;288;53;26;14;6;7;7;0
31157V2782679;Tromsøysundtunnelen T2;EV8 S2D1 m5455;2022-03-08T15:00+01:00;2022-03-08T16:00+01:00;08.03.2022;15:00;16:00;3;43;100;1;1;0;0;100;41;2;2;0;0;0;0;0
31157V2782679;Tromsøysundtunnelen T2;EV8 S2D1 m5455;2022-03-08T15:00+01:00;2022-03-08T16:00+01:00;08.03.2022;15:00;16:00;Totalt i retning Tomasjord;0;100;1;1;0;0;100;0;0;0;0;0;0;0;0
31157V2782679;Tromsøysundtunnelen T2;EV8 S2D1 m5455;2022-03-08T15:00+01:00;2022-03-08T16:00+01:00;08.03.2022;15:00;16:00;Totalt i retning Tromsøya;384;100;1;1;0;0;100;329;55;28;14;6;7;7;0
31157V2782679;Tromsøysundtunnelen T2;EV8 S2D1 m5455;2022-03-08T15:00+01:00;2022-03-08T16:00+01:00;08.03.2022;15:00;16:00;Totalt;384;100;1;1;0;0;100;329;55;28;14;6;7;7;0
31157V2782679;Tromsøysundtunnelen T2;EV8 S2D1 m5455;2022-03-08T16:00+01:00;2022-03-08T17:00+01:00;08.03.2022;16:00;17:00;1;294;100;1;1;0;0;100;255;39;14;6;16;3;3;0
31157V2782679;Tromsøysundtunnelen T2;EV8 S2D1 m5455;2022-03-08T16:00+01:00;2022-03-08T17:00+01:00;08.03.2022;16:00;17:00;3;20;100;1;1;0;0;100;19;1;0;0;1;0;0;0
31157V2782679;Tromsøysundtunnelen T2;EV8 S2D1 m5455;2022-03-08T16:00+01:00;2022-03-08T17:00+01:00;08.03.2022;16:00;17:00;Totalt i retning Tomasjord;0;100;1;1;0;0;100;0;0;0;0;0;0;0;0
31157V2782679;Tromsøysundtunnelen T2;EV8 S2D1 m5455;2022-03-08T16:00+01:00;2022-03-08T17:00+01:00;08.03.2022;16:00;17:00;Totalt i retning Tromsøya;314;100;1;1;0;0;100;274;40;14;6;17;3;3;0
31157V2782679;Tromsøysundtunnelen T2;EV8 S2D1 m5455;2022-03-08T16:00+01:00;2022-03-08T17:00+01:00;08.03.2022;16:00;17:00;Totalt;314;100;1;1;0;0;100;274;40;14;6;17;3;3;0
31157V2782679;Tromsøysundtunnelen T2;EV8 S2D1 m5455;2022-03-08T17:00+01:00;2022-03-08T18:00+01:00;08.03.2022;17:00;18:00;1;266;100;1;1;0;0;100;229;37;19;11;4;3;3;0
31157V2782679;Tromsøysundtunnelen T2;EV8 S2D1 m5455;2022-03-08T17:00+01:00;2022-03-08T18:00+01:00;08.03.2022;17:00;18:00;3;27;100;1;1;0;0;100;26;1;1;0;0;0;0;0
31157V2782679;Tromsøysundtunnelen T2;EV8 S2D1 m5455;2022-03-08T17:00+01:00;2022-03-08T18:00+01:00;08.03.2022;17:00;18:00;Totalt i retning Tomasjord;0;100;1;1;0;0;100;0;0;0;0;0;0;0;0
31157V2782679;Tromsøysundtunnelen T2;EV8 S2D1 m5455;2022-03-08T17:00+01:00;2022-03-08T18:00+01:00;08.03.2022;17:00;18:00;Totalt i retning Tromsøya;293;100;1;1;0;0;100;255;38;20;11;4;3;3;0
31157V2782679;Tromsøysundtunnelen T2;EV8 S2D1 m5455;2022-03-08T17:00+01:00;2022-03-08T18:00+01:00;08.03.2022;17:00;18:00;Totalt;293;100;1;1;0;0;100;255;38;20;11;4;3;3;0
31157V2782679;Tromsøysundtunnelen T2;EV8 S2D1 m5455;2022-03-08T18:00+01:00;2022-03-08T19:00+01:00;08.03.2022;18:00;19:00;1;262;100;1;1;0;0;100;233;29;10;6;8;5;5;0
31157V2782679;Tromsøysundtunnelen T2;EV8 S2D1 m5455;2022-03-08T18:00+01:00;2022-03-08T19:00+01:00;08.03.2022;18:00;19:00;3;24;100;1;1;0;0;100;24;0;0;0;0;0;0;0
31157V2782679;Tromsøysundtunnelen T2;EV8 S2D1 m5455;2022-03-08T18:00+01:00;2022-03-08T19:00+01:00;08.03.2022;18:00;19:00;Totalt i retning Tomasjord;0;100;1;1;0;0;100;0;0;0;0;0;0;0;0
31157V2782679;Tromsøysundtunnelen T2;EV8 S2D1 m5455;2022-03-08T18:00+01:00;2022-03-08T19:00+01:00;08.03.2022;18:00;19:00;Totalt i retning Tromsøya;286;100;1;1;0;0;100;257;29;10;6;8;5;5;0
31157V2782679;Tromsøysundtunnelen T2;EV8 S2D1 m5455;2022-03-08T18:00+01:00;2022-03-08T19:00+01:00;08.03.2022;18:00;19:00;Totalt;286;100;1;1;0;0;100;257;29;10;6;8;5;5;0
31157V2782679;Tromsøysundtunnelen T2;EV8 S2D1 m5455;2022-03-08T19:00+01:00;2022-03-08T20:00+01:00;08.03.2022;19:00;20:00;1;222;100;1;1;0;0;100;206;16;8;4;1;3;3;0
31157V2782679;Tromsøysundtunnelen T2;EV8 S2D1 m5455;2022-03-08T19:00+01:00;2022-03-08T20:00+01:00;08.03.2022;19:00;20:00;3;17;100;1;1;0;0;100;16;1;1;0;0;0;0;0
31157V2782679;Tromsøysundtunnelen T2;EV8 S2D1 m5455;2022-03-08T19:00+01:00;2022-03-08T20:00+01:00;08.03.2022;19:00;20:00;Totalt i retning Tomasjord;0;100;1;1;0;0;100;0;0;0;0;0;0;0;0
31157V2782679;Tromsøysundtunnelen T2;EV8 S2D1 m5455;2022-03-08T19:00+01:00;2022-03-08T20:00+01:00;08.03.2022;19:00;20:00;Totalt i retning Tromsøya;239;100;1;1;0;0;100;222;17;9;4;1;3;3;0
31157V2782679;Tromsøysundtunnelen T2;EV8 S2D1 m5455;2022-03-08T19:00+01:00;2022-03-08T20:00+01:00;08.03.2022;19:00;20:00;Totalt;239;100;1;1;0;0;100;222;17;9;4;1;3;3;0
31157V2782679;Tromsøysundtunnelen T2;EV8 S2D1 m5455;2022-03-08T20:00+01:00;2022-03-08T21:00+01:00;08.03.2022;20:00;21:00;1;180;100;1;1;0;0;100;167;13;6;3;4;0;0;0
31157V2782679;Tromsøysundtunnelen T2;EV8 S2D1 m5455;2022-03-08T20:00+01:00;2022-03-08T21:00+01:00;08.03.2022;20:00;21:00;3;8;100;1;1;0;0;100;8;0;0;0;0;0;0;0
31157V2782679;Tromsøysundtunnelen T2;EV8 S2D1 m5455;2022-03-08T20:00+01:00;2022-03-08T21:00+01:00;08.03.2022;20:00;21:00;Totalt i retning Tomasjord;0;100;1;1;0;0;100;0;0;0;0;0;0;0;0
31157V2782679;Tromsøysundtunnelen T2;EV8 S2D1 m5455;2022-03-08T20:00+01:00;2022-03-08T21:00+01:00;08.03.2022;20:00;21:00;Totalt i retning Tromsøya;188;100;1;1;0;0;100;175;13;6;3;4;0;0;0
31157V2782679;Tromsøysundtunnelen T2;EV8 S2D1 m5455;2022-03-08T20:00+01:00;2022-03-08T21:00+01:00;08.03.2022;20:00;21:00;Totalt;188;100;1;1;0;0;100;175;13;6;3;4;0;0;0
31157V2782679;Tromsøysundtunnelen T2;EV8 S2D1 m5455;2022-03-08T21:00+01:00;2022-03-08T22:00+01:00;08.03.2022;21:00;22:00;1;60;100;1;1;0;0;100;55;5;1;0;1;3;3;0
31157V2782679;Tromsøysundtunnelen T2;EV8 S2D1 m5455;2022-03-08T21:00+01:00;2022-03-08T22:00+01:00;08.03.2022;21:00;22:00;3;7;100;1;1;0;0;100;7;0;0;0;0;0;0;0
31157V2782679;Tromsøysundtunnelen T2;EV8 S2D1 m5455;2022-03-08T21:00+01:00;2022-03-08T22:00+01:00;08.03.2022;21:00;22:00;Totalt i retning Tomasjord;0;100;1;1;0;0;100;0;0;0;0;0;0;0;0
31157V2782679;Tromsøysundtunnelen T2;EV8 S2D1 m5455;2022-03-08T21:00+01:00;2022-03-08T22:00+01:00;08.03.2022;21:00;22:00;Totalt i retning Tromsøya;67;100;1;1;0;0;100;62;5;1;0;1;3;3;0
31157V2782679;Tromsøysundtunnelen T2;EV8 S2D1 m5455;2022-03-08T21:00+01:00;2022-03-08T22:00+01:00;08.03.2022;21:00;22:00;Totalt;67;100;1;1;0;0;100;62;5;1;0;1;3;3;0
31157V2782679;Tromsøysundtunnelen T2;EV8 S2D1 m5455;2022-03-08T22:00+01:00;2022-03-08T23:00+01:00;08.03.2022;22:00;23:00;1;0;100;1;1;0;0;100;0;0;0;0;0;0;0;0
31157V2782679;Tromsøysundtunnelen T2;EV8 S2D1 m5455;2022-03-08T22:00+01:00;2022-03-08T23:00+01:00;08.03.2022;22:00;23:00;3;0;100;1;1;0;0;100;0;0;0;0;0;0;0;0
31157V2782679;Tromsøysundtunnelen T2;EV8 S2D1 m5455;2022-03-08T22:00+01:00;2022-03-08T23:00+01:00;08.03.2022;22:00;23:00;Totalt i retning Tomasjord;0;100;1;1;0;0;100;0;0;0;0;0;0;0;0
31157V2782679;Tromsøysundtunnelen T2;EV8 S2D1 m5455;2022-03-08T22:00+01:00;2022-03-08T23:00+01:00;08.03.2022;22:00;23:00;Totalt i retning Tromsøya;0;100;1;1;0;0;100;0;0;0;0;0;0;0;0
31157V2782679;Tromsøysundtunnelen T2;EV8 S2D1 m5455;2022-03-08T22:00+01:00;2022-03-08T23:00+01:00;08.03.2022;22:00;23:00;Totalt;0;100;1;1;0;0;100;0;0;0;0;0;0;0;0
31157V2782679;Tromsøysundtunnelen T2;EV8 S2D1 m5455;2022-03-08T23:00+01:00;2022-03-09T00:00+01:00;08.03.2022;23:00;00:00;1;2;100;1;1;0;0;100;2;0;0;0;0;0;0;0
31157V2782679;Tromsøysundtunnelen T2;EV8 S2D1 m5455;2022-03-08T23:00+01:00;2022-03-09T00:00+01:00;08.03.2022;23:00;00:00;3;0;100;1;1;0;0;100;0;0;0;0;0;0;0;0
31157V2782679;Tromsøysundtunnelen T2;EV8 S2D1 m5455;2022-03-08T23:00+01:00;2022-03-09T00:00+01:00;08.03.2022;23:00;00:00;Totalt i retning Tomasjord;0;100;1;1;0;0;100;0;0;0;0;0;0;0;0
31157V2782679;Tromsøysundtunnelen T2;EV8 S2D1 m5455;2022-03-08T23:00+01:00;2022-03-09T00:00+01:00;08.03.2022;23:00;00:00;Totalt i retning Tromsøya;2;100;1;1;0;0;100;2;0;0;0;0;0;0;0
31157V2782679;Tromsøysundtunnelen T2;EV8 S2D1 m5455;2022-03-08T23:00+01:00;2022-03-09T00:00+01:00;08.03.2022;23:00;00:00;Totalt;2;100;1;1;0;0;100;2;0;0;0;0;0;0;0
68511V2673383;Tromsøysundtunnelen T1;EV8 S2D1 m2967;2022-03-08T00:00+01:00;2022-03-08T01:00+01:00;08.03.2022;00:00;01:00;1;1;100;1;1;0;1;0;-;-;-;-;-;-;-;-
68511V2673383;Tromsøysundtunnelen T1;EV8 S2D1 m2967;2022-03-08T00:00+01:00;2022-03-08T01:00+01:00;08.03.2022;00:00;01:00;3;0;100;1;1;0;0;100;0;0;0;0;0;0;0;0
68511V2673383;Tromsøysundtunnelen T1;EV8 S2D1 m2967;2022-03-08T00:00+01:00;2022-03-08T01:00+01:00;08.03.2022;00:00;01:00;Totalt i retning Tomasjord;1;100;1;1;0;1;0;-;-;-;-;-;-;-;-
68511V2673383;Tromsøysundtunnelen T1;EV8 S2D1 m2967;2022-03-08T00:00+01:00;2022-03-08T01:00+01:00;08.03.2022;00:00;01:00;Totalt i retning Tromsøya;0;100;1;1;0;0;100;0;0;0;0;0;0;0;0
68511V2673383;Tromsøysundtunnelen T1;EV8 S2D1 m2967;2022-03-08T00:00+01:00;2022-03-08T01:00+01:00;08.03.2022;00:00;01:00;Totalt;1;100;1;1;0;1;0;-;-;-;-;-;-;-;-
68511V2673383;Tromsøysundtunnelen T1;EV8 S2D1 m2967;2022-03-08T01:00+01:00;2022-03-08T02:00+01:00;08.03.2022;01:00;02:00;1;1;100;1;1;0;0;100;1;0;0;0;0;0;0;0
68511V2673383;Tromsøysundtunnelen T1;EV8 S2D1 m2967;2022-03-08T01:00+01:00;2022-03-08T02:00+01:00;08.03.2022;01:00;02:00;3;0;100;1;1;0;0;100;0;0;0;0;0;0;0;0
68511V2673383;Tromsøysundtunnelen T1;EV8 S2D1 m2967;2022-03-08T01:00+01:00;2022-03-08T02:00+01:00;08.03.2022;01:00;02:00;Totalt i retning Tomasjord;1;100;1;1;0;0;100;1;0;0;0;0;0;0;0
68511V2673383;Tromsøysundtunnelen T1;EV8 S2D1 m2967;2022-03-08T01:00+01:00;2022-03-08T02:00+01:00;08.03.2022;01:00;02:00;Totalt i retning Tromsøya;0;100;1;1;0;0;100;0;0;0;0;0;0;0;0
68511V2673383;Tromsøysundtunnelen T1;EV8 S2D1 m2967;2022-03-08T01:00+01:00;2022-03-08T02:00+01:00;08.03.2022;01:00;02:00;Totalt;1;100;1;1;0;0;100;1;0;0;0;0;0;0;0
68511V2673383;Tromsøysundtunnelen T1;EV8 S2D1 m2967;2022-03-08T02:00+01:00;2022-03-08T03:00+01:00;08.03.2022;02:00;03:00;1;2;100;1;1;0;0;100;2;0;0;0;0;0;0;0
68511V2673383;Tromsøysundtunnelen T1;EV8 S2D1 m2967;2022-03-08T02:00+01:00;2022-03-08T03:00+01:00;08.03.2022;02:00;03:00;3;1;100;1;1;0;0;100;1;0;0;0;0;0;0;0
68511V2673383;Tromsøysundtunnelen T1;EV8 S2D1 m2967;2022-03-08T02:00+01:00;2022-03-08T03:00+01:00;08.03.2022;02:00;03:00;Totalt i retning Tomasjord;3;100;1;1;0;0;100;3;0;0;0;0;0;0;0
68511V2673383;Tromsøysundtunnelen T1;EV8 S2D1 m2967;2022-03-08T02:00+01:00;2022-03-08T03:00+01:00;08.03.2022;02:00;03:00;Totalt i retning Tromsøya;0;100;1;1;0;0;100;0;0;0;0;0;0;0;0
68511V2673383;Tromsøysundtunnelen T1;EV8 S2D1 m2967;2022-03-08T02:00+01:00;2022-03-08T03:00+01:00;08.03.2022;02:00;03:00;Totalt;3;100;1;1;0;0;100;3;0;0;0;0;0;0;0
68511V2673383;Tromsøysundtunnelen T1;EV8 S2D1 m2967;2022-03-08T03:00+01:00;2022-03-08T04:00+01:00;08.03.2022;03:00;04:00;1;0;100;1;1;0;0;100;0;0;0;0;0;0;0;0
68511V2673383;Tromsøysundtunnelen T1;EV8 S2D1 m2967;2022-03-08T03:00+01:00;2022-03-08T04:00+01:00;08.03.2022;03:00;04:00;3;0;100;1;1;0;0;100;0;0;0;0;0;0;0;0
68511V2673383;Tromsøysundtunnelen T1;EV8 S2D1 m2967;2022-03-08T03:00+01:00;2022-03-08T04:00+01:00;08.03.2022;03:00;04:00;Totalt i retning Tomasjord;0;100;1;1;0;0;100;0;0;0;0;0;0;0;0
68511V2673383;Tromsøysundtunnelen T1;EV8 S2D1 m2967;2022-03-08T03:00+01:00;2022-03-08T04:00+01:00;08.03.2022;03:00;04:00;Totalt i retning Tromsøya;0;100;1;1;0;0;100;0;0;0;0;0;0;0;0
68511V2673383;Tromsøysundtunnelen T1;EV8 S2D1 m2967;2022-03-08T03:00+01:00;2022-03-08T04:00+01:00;08.03.2022;03:00;04:00;Totalt;0;100;1;1;0;0;100;0;0;0;0;0;0;0;0
68511V2673383;Tromsøysundtunnelen T1;EV8 S2D1 m2967;2022-03-08T04:00+01:00;2022-03-08T05:00+01:00;08.03.2022;04:00;05:00;1;0;100;1;1;0;0;100;0;0;0;0;0;0;0;0
68511V2673383;Tromsøysundtunnelen T1;EV8 S2D1 m2967;2022-03-08T04:00+01:00;2022-03-08T05:00+01:00;08.03.2022;04:00;05:00;3;0;100;1;1;0;0;100;0;0;0;0;0;0;0;0
68511V2673383;Tromsøysundtunnelen T1;EV8 S2D1 m2967;2022-03-08T04:00+01:00;2022-03-08T05:00+01:00;08.03.2022;04:00;05:00;Totalt i retning Tomasjord;0;100;1;1;0;0;100;0;0;0;0;0;0;0;0
68511V2673383;Tromsøysundtunnelen T1;EV8 S2D1 m2967;2022-03-08T04:00+01:00;2022-03-08T05:00+01:00;08.03.2022;04:00;05:00;Totalt i retning Tromsøya;0;100;1;1;0;0;100;0;0;0;0;0;0;0;0
68511V2673383;Tromsøysundtunnelen T1;EV8 S2D1 m2967;2022-03-08T04:00+01:00;2022-03-08T05:00+01:00;08.03.2022;04:00;05:00;Totalt;0;100;1;1;0;0;100;0;0;0;0;0;0;0;0
68511V2673383;Tromsøysundtunnelen T1;EV8 S2D1 m2967;2022-03-08T05:00+01:00;2022-03-08T06:00+01:00;08.03.2022;05:00;06:00;1;0;100;1;1;0;0;100;0;0;0;0;0;0;0;0
68511V2673383;Tromsøysundtunnelen T1;EV8 S2D1 m2967;2022-03-08T05:00+01:00;2022-03-08T06:00+01:00;08.03.2022;05:00;06:00;3;17;100;1;1;0;0;100;9;8;0;1;7;0;0;0
68511V2673383;Tromsøysundtunnelen T1;EV8 S2D1 m2967;2022-03-08T05:00+01:00;2022-03-08T06:00+01:00;08.03.2022;05:00;06:00;Totalt i retning Tomasjord;17;100;1;1;0;0;100;9;8;0;1;7;0;0;0
68511V2673383;Tromsøysundtunnelen T1;EV8 S2D1 m2967;2022-03-08T05:00+01:00;2022-03-08T06:00+01:00;08.03.2022;05:00;06:00;Totalt i retning Tromsøya;0;100;1;1;0;0;100;0;0;0;0;0;0;0;0
68511V2673383;Tromsøysundtunnelen T1;EV8 S2D1 m2967;2022-03-08T05:00+01:00;2022-03-08T06:00+01:00;08.03.2022;05:00;06:00;Totalt;17;100;1;1;0;0;100;9;8;0;1;7;0;0;0
68511V2673383;Tromsøysundtunnelen T1;EV8 S2D1 m2967;2022-03-08T06:00+01:00;2022-03-08T07:00+01:00;08.03.2022;06:00;07:00;1;5;100;1;1;0;0;100;5;0;0;0;0;0;0;0
68511V2673383;Tromsøysundtunnelen T1;EV8 S2D1 m2967;2022-03-08T06:00+01:00;2022-03-08T07:00+01:00;08.03.2022;06:00;07:00;3;70;100;1;1;0;0;100;45;25;6;4;15;0;0;0
68511V2673383;Tromsøysundtunnelen T1;EV8 S2D1 m2967;2022-03-08T06:00+01:00;2022-03-08T07:00+01:00;08.03.2022;06:00;07:00;Totalt i retning Tomasjord;75;100;1;1;0;0;100;50;25;6;4;15;0;0;0
68511V2673383;Tromsøysundtunnelen T1;EV8 S2D1 m2967;2022-03-08T06:00+01:00;2022-03-08T07:00+01:00;08.03.2022;06:00;07:00;Totalt i retning Tromsøya;0;100;1;1;0;0;100;0;0;0;0;0;0;0;0
68511V2673383;Tromsøysundtunnelen T1;EV8 S2D1 m2967;2022-03-08T06:00+01:00;2022-03-08T07:00+01:00;08.03.2022;06:00;07:00;Totalt;75;100;1;1;0;0;100;50;25;6;4;15;0;0;0
68511V2673383;Tromsøysundtunnelen T1;EV8 S2D1 m2967;2022-03-08T07:00+01:00;2022-03-08T08:00+01:00;08.03.2022;07:00;08:00;1;24;100;1;1;0;0;100;21;3;2;1;0;0;0;0
68511V2673383;Tromsøysundtunnelen T1;EV8 S2D1 m2967;2022-03-08T07:00+01:00;2022-03-08T08:00+01:00;08.03.2022;07:00;08:00;3;200;100;1;1;0;0;100;156;44;14;9;15;6;6;0
68511V2673383;Tromsøysundtunnelen T1;EV8 S2D1 m2967;2022-03-08T07:00+01:00;2022-03-08T08:00+01:00;08.03.2022;07:00;08:00;Totalt i retning Tomasjord;224;100;1;1;0;0;100;177;47;16;10;15;6;6;0
68511V2673383;Tromsøysundtunnelen T1;EV8 S2D1 m2967;2022-03-08T07:00+01:00;2022-03-08T08:00+01:00;08.03.2022;07:00;08:00;Totalt i retning Tromsøya;0;100;1;1;0;0;100;0;0;0;0;0;0;0;0
68511V2673383;Tromsøysundtunnelen T1;EV8 S2D1 m2967;2022-03-08T07:00+01:00;2022-03-08T08:00+01:00;08.03.2022;07:00;08:00;Totalt;224;100;1;1;0;0;100;177;47;16;10;15;6;6;0
68511V2673383;Tromsøysundtunnelen T1;EV8 S2D1 m2967;2022-03-08T08:00+01:00;2022-03-08T09:00+01:00;08.03.2022;08:00;09:00;1;15;100;1;1;0;0;100;14;1;0;1;0;0;0;0
68511V2673383;Tromsøysundtunnelen T1;EV8 S2D1 m2967;2022-03-08T08:00+01:00;2022-03-08T09:00+01:00;08.03.2022;08:00;09:00;3;225;100;1;1;0;0;100;184;41;10;19;5;7;7;0
68511V2673383;Tromsøysundtunnelen T1;EV8 S2D1 m2967;2022-03-08T08:00+01:00;2022-03-08T09:00+01:00;08.03.2022;08:00;09:00;Totalt i retning Tomasjord;240;100;1;1;0;0;100;198;42;10;20;5;7;7;0
68511V2673383;Tromsøysundtunnelen T1;EV8 S2D1 m2967;2022-03-08T08:00+01:00;2022-03-08T09:00+01:00;08.03.2022;08:00;09:00;Totalt i retning Tromsøya;0;100;1;1;0;0;100;0;0;0;0;0;0;0;0
68511V2673383;Tromsøysundtunnelen T1;EV8 S2D1 m2967;2022-03-08T08:00+01:00;2022-03-08T09:00+01:00;08.03.2022;08:00;09:00;Totalt;240;100;1;1;0;0;100;198;42;10;20;5;7;7;0
68511V2673383;Tromsøysundtunnelen T1;EV8 S2D1 m2967;2022-03-08T09:00+01:00;2022-03-08T10:00+01:00;08.03.2022;09:00;10:00;1;16;100;1;1;0;0;100;12;4;4;0;0;0;0;0
68511V2673383;Tromsøysundtunnelen T1;EV8 S2D1 m2967;2022-03-08T09:00+01:00;2022-03-08T10:00+01:00;08.03.2022;09:00;10:00;3;201;100;1;1;0;0;100;165;36;17;11;1;7;6;1
68511V2673383;Tromsøysundtunnelen T1;EV8 S2D1 m2967;2022-03-08T09:00+01:00;2022-03-08T10:00+01:00;08.03.2022;09:00;10:00;Totalt i retning Tomasjord;217;100;1;1;0;0;100;177;40;21;11;1;7;6;1
68511V2673383;Tromsøysundtunnelen T1;EV8 S2D1 m2967;2022-03-08T09:00+01:00;2022-03-08T10:00+01:00;08.03.2022;09:00;10:00;Totalt i retning Tromsøya;0;100;1;1;0;0;100;0;0;0;0;0;0;0;0
68511V2673383;Tromsøysundtunnelen T1;EV8 S2D1 m2967;2022-03-08T09:00+01:00;2022-03-08T10:00+01:00;08.03.2022;09:00;10:00;Totalt;217;100;1;1;0;0;100;177;40;21;11;1;7;6;1
68511V2673383;Tromsøysundtunnelen T1;EV8 S2D1 m2967;2022-03-08T10:00+01:00;2022-03-08T11:00+01:00;08.03.2022;10:00;11:00;1;10;100;1;1;0;0;100;10;0;0;0;0;0;0;0
68511V2673383;Tromsøysundtunnelen T1;EV8 S2D1 m2967;2022-03-08T10:00+01:00;2022-03-08T11:00+01:00;08.03.2022;10:00;11:00;3;241;100;1;1;0;0;100;206;35;17;9;3;6;5;1
68511V2673383;Tromsøysundtunnelen T1;EV8 S2D1 m2967;2022-03-08T10:00+01:00;2022-03-08T11:00+01:00;08.03.2022;10:00;11:00;Totalt i retning Tomasjord;251;100;1;1;0;0;100;216;35;17;9;3;6;5;1
68511V2673383;Tromsøysundtunnelen T1;EV8 S2D1 m2967;2022-03-08T10:00+01:00;2022-03-08T11:00+01:00;08.03.2022;10:00;11:00;Totalt i retning Tromsøya;0;100;1;1;0;0;100;0;0;0;0;0;0;0;0
68511V2673383;Tromsøysundtunnelen T1;EV8 S2D1 m2967;2022-03-08T10:00+01:00;2022-03-08T11:00+01:00;08.03.2022;10:00;11:00;Totalt;251;100;1;1;0;0;100;216;35;17;9;3;6;5;1
68511V2673383;Tromsøysundtunnelen T1;EV8 S2D1 m2967;2022-03-08T11:00+01:00;2022-03-08T12:00+01:00;08.03.2022;11:00;12:00;1;18;100;1;1;0;0;100;17;1;1;0;0;0;0;0
68511V2673383;Tromsøysundtunnelen T1;EV8 S2D1 m2967;2022-03-08T11:00+01:00;2022-03-08T12:00+01:00;08.03.2022;11:00;12:00;3;272;100;1;1;0;0;100;231;41;20;14;1;6;5;1
68511V2673383;Tromsøysundtunnelen T1;EV8 S2D1 m2967;2022-03-08T11:00+01:00;2022-03-08T12:00+01:00;08.03.2022;11:00;12:00;Totalt i retning Tomasjord;290;100;1;1;0;0;100;248;42;21;14;1;6;5;1
68511V2673383;Tromsøysundtunnelen T1;EV8 S2D1 m2967;2022-03-08T11:00+01:00;2022-03-08T12:00+01:00;08.03.2022;11:00;12:00;Totalt i retning Tromsøya;0;100;1;1;0;0;100;0;0;0;0;0;0;0;0
68511V2673383;Tromsøysundtunnelen T1;EV8 S2D1 m2967;2022-03-08T11:00+01:00;2022-03-08T12:00+01:00;08.03.2022;11:00;12:00;Totalt;290;100;1;1;0;0;100;248;42;21;14;1;6;5;1
68511V2673383;Tromsøysundtunnelen T1;EV8 S2D1 m2967;2022-03-08T12:00+01:00;2022-03-08T13:00+01:00;08.03.2022;12:00;13:00;1;23;100;1;1;0;0;100;21;2;2;0;0;0;0;0
68511V2673383;Tromsøysundtunnelen T1;EV8 S2D1 m2967;2022-03-08T12:00+01:00;2022-03-08T13:00+01:00;08.03.2022;12:00;13:00;3;322;100;1;1;0;0;100;279;43;16;16;4;7;7;0
68511V2673383;Tromsøysundtunnelen T1;EV8 S2D1 m2967;2022-03-08T12:00+01:00;2022-03-08T13:00+01:00;08.03.2022;12:00;13:00;Totalt i retning Tomasjord;345;100;1;1;0;0;100;300;45;18;16;4;7;7;0
68511V2673383;Tromsøysundtunnelen T1;EV8 S2D1 m2967;2022-03-08T12:00+01:00;2022-03-08T13:00+01:00;08.03.2022;12:00;13:00;Totalt i retning Tromsøya;0;100;1;1;0;0;100;0;0;0;0;0;0;0;0
68511V2673383;Tromsøysundtunnelen T1;EV8 S2D1 m2967;2022-03-08T12:00+01:00;2022-03-08T13:00+01:00;08.03.2022;12:00;13:00;Totalt;345;100;1;1;0;0;100;300;45;18;16;4;7;7;0
68511V2673383;Tromsøysundtunnelen T1;EV8 S2D1 m2967;2022-03-08T13:00+01:00;2022-03-08T14:00+01:00;08.03.2022;13:00;14:00;1;32;100;1;1;0;0;100;29;3;2;1;0;0;0;0
68511V2673383;Tromsøysundtunnelen T1;EV8 S2D1 m2967;2022-03-08T13:00+01:00;2022-03-08T14:00+01:00;08.03.2022;13:00;14:00;3;330;100;1;1;0;0;100;294;36;11;19;4;2;2;0
68511V2673383;Tromsøysundtunnelen T1;EV8 S2D1 m2967;2022-03-08T13:00+01:00;2022-03-08T14:00+01:00;08.03.2022;13:00;14:00;Totalt i retning Tomasjord;362;100;1;1;0;0;100;323;39;13;20;4;2;2;0
68511V2673383;Tromsøysundtunnelen T1;EV8 S2D1 m2967;2022-03-08T13:00+01:00;2022-03-08T14:00+01:00;08.03.2022;13:00;14:00;Totalt i retning Tromsøya;0;100;1;1;0;0;100;0;0;0;0;0;0;0;0
68511V2673383;Tromsøysundtunnelen T1;EV8 S2D1 m2967;2022-03-08T13:00+01:00;2022-03-08T14:00+01:00;08.03.2022;13:00;14:00;Totalt;362;100;1;1;0;0;100;323;39;13;20;4;2;2;0
68511V2673383;Tromsøysundtunnelen T1;EV8 S2D1 m2967;2022-03-08T14:00+01:00;2022-03-08T15:00+01:00;08.03.2022;14:00;15:00;1;71;100;1;1;0;0;100;67;4;3;0;0;1;1;0
68511V2673383;Tromsøysundtunnelen T1;EV8 S2D1 m2967;2022-03-08T14:00+01:00;2022-03-08T15:00+01:00;08.03.2022;14:00;15:00;3;456;100;1;1;0;0;100;421;35;11;6;9;9;7;2
68511V2673383;Tromsøysundtunnelen T1;EV8 S2D1 m2967;2022-03-08T14:00+01:00;2022-03-08T15:00+01:00;08.03.2022;14:00;15:00;Totalt i retning Tomasjord;527;100;1;1;0;0;100;488;39;14;6;9;10;8;2
68511V2673383;Tromsøysundtunnelen T1;EV8 S2D1 m2967;2022-03-08T14:00+01:00;2022-03-08T15:00+01:00;08.03.2022;14:00;15:00;Totalt i retning Tromsøya;0;100;1;1;0;0;100;0;0;0;0;0;0;0;0
68511V2673383;Tromsøysundtunnelen T1;EV8 S2D1 m2967;2022-03-08T14:00+01:00;2022-03-08T15:00+01:00;08.03.2022;14:00;15:00;Totalt;527;100;1;1;0;0;100;488;39;14;6;9;10;8;2
68511V2673383;Tromsøysundtunnelen T1;EV8 S2D1 m2967;2022-03-08T15:00+01:00;2022-03-08T16:00+01:00;08.03.2022;15:00;16:00;1;268;100;1;1;0;0;100;256;12;12;0;0;0;0;0
68511V2673383;Tromsøysundtunnelen T1;EV8 S2D1 m2967;2022-03-08T15:00+01:00;2022-03-08T16:00+01:00;08.03.2022;15:00;16:00;3;803;100;1;1;0;0;100;745;58;25;13;11;9;8;1
68511V2673383;Tromsøysundtunnelen T1;EV8 S2D1 m2967;2022-03-08T15:00+01:00;2022-03-08T16:00+01:00;08.03.2022;15:00;16:00;Totalt i retning Tomasjord;1071;100;1;1;0;0;100;1001;70;37;13;11;9;8;1
68511V2673383;Tromsøysundtunnelen T1;EV8 S2D1 m2967;2022-03-08T15:00+01:00;2022-03-08T16:00+01:00;08.03.2022;15:00;16:00;Totalt i retning Tromsøya;0;100;1;1;0;0;100;0;0;0;0;0;0;0;0
68511V2673383;Tromsøysundtunnelen T1;EV8 S2D1 m2967;2022-03-08T15:00+01:00;2022-03-08T16:00+01:00;08.03.2022;15:00;16:00;Totalt;1071;100;1;1;0;0;100;1001;70;37;13;11;9;8;1
68511V2673383;Tromsøysundtunnelen T1;EV8 S2D1 m2967;2022-03-08T16:00+01:00;2022-03-08T17:00+01:00;08.03.2022;16:00;17:00;1;219;100;1;1;0;0;100;213;6;5;1;0;0;0;0
68511V2673383;Tromsøysundtunnelen T1;EV8 S2D1 m2967;2022-03-08T16:00+01:00;2022-03-08T17:00+01:00;08.03.2022;16:00;17:00;3;699;100;1;1;0;0;100;652;47;25;6;9;7;6;1
68511V2673383;Tromsøysundtunnelen T1;EV8 S2D1 m2967;2022-03-08T16:00+01:00;2022-03-08T17:00+01:00;08.03.2022;16:00;17:00;Totalt i retning Tomasjord;918;100;1;1;0;0;100;865;53;30;7;9;7;6;1
68511V2673383;Tromsøysundtunnelen T1;EV8 S2D1 m2967;2022-03-08T16:00+01:00;2022-03-08T17:00+01:00;08.03.2022;16:00;17:00;Totalt i retning Tromsøya;0;100;1;1;0;0;100;0;0;0;0;0;0;0;0
68511V2673383;Tromsøysundtunnelen T1;EV8 S2D1 m2967;2022-03-08T16:00+01:00;2022-03-08T17:00+01:00;08.03.2022;16:00;17:00;Totalt;918;100;1;1;0;0;100;865;53;30;7;9;7;6;1
68511V2673383;Tromsøysundtunnelen T1;EV8 S2D1 m2967;2022-03-08T17:00+01:00;2022-03-08T18:00+01:00;08.03.2022;17:00;18:00;1;44;100;1;1;0;0;100;42;2;2;0;0;0;0;0
68511V2673383;Tromsøysundtunnelen T1;EV8 S2D1 m2967;2022-03-08T17:00+01:00;2022-03-08T18:00+01:00;08.03.2022;17:00;18:00;3;360;100;1;1;0;0;100;336;24;11;5;4;4;4;0
68511V2673383;Tromsøysundtunnelen T1;EV8 S2D1 m2967;2022-03-08T17:00+01:00;2022-03-08T18:00+01:00;08.03.2022;17:00;18:00;Totalt i retning Tomasjord;404;100;1;1;0;0;100;378;26;13;5;4;4;4;0
68511V2673383;Tromsøysundtunnelen T1;EV8 S2D1 m2967;2022-03-08T17:00+01:00;2022-03-08T18:00+01:00;08.03.2022;17:00;18:00;Totalt i retning Tromsøya;0;100;1;1;0;0;100;0;0;0;0;0;0;0;0
68511V2673383;Tromsøysundtunnelen T1;EV8 S2D1 m2967;2022-03-08T17:00+01:00;2022-03-08T18:00+01:00;08.03.2022;17:00;18:00;Totalt;404;100;1;1;0;0;100;378;26;13;5;4;4;4;0
68511V2673383;Tromsøysundtunnelen T1;EV8 S2D1 m2967;2022-03-08T18:00+01:00;2022-03-08T19:00+01:00;08.03.2022;18:00;19:00;1;25;100;1;1;0;0;100;24;1;1;0;0;0;0;0
68511V2673383;Tromsøysundtunnelen T1;EV8 S2D1 m2967;2022-03-08T18:00+01:00;2022-03-08T19:00+01:00;08.03.2022;18:00;19:00;3;330;100;1;1;0;0;100;307;23;8;5;2;8;7;1
68511V2673383;Tromsøysundtunnelen T1;EV8 S2D1 m2967;2022-03-08T18:00+01:00;2022-03-08T19:00+01:00;08.03.2022;18:00;19:00;Totalt i retning Tomasjord;355;100;1;1;0;0;100;331;24;9;5;2;8;7;1
68511V2673383;Tromsøysundtunnelen T1;EV8 S2D1 m2967;2022-03-08T18:00+01:00;2022-03-08T19:00+01:00;08.03.2022;18:00;19:00;Totalt i retning Tromsøya;0;100;1;1;0;0;100;0;0;0;0;0;0;0;0
68511V2673383;Tromsøysundtunnelen T1;EV8 S2D1 m2967;2022-03-08T18:00+01:00;2022-03-08T19:00+01:00;08.03.2022;18:00;19:00;Totalt;355;100;1;1;0;0;100;331;24;9;5;2;8;7;1
68511V2673383;Tromsøysundtunnelen T1;EV8 S2D1 m2967;2022-03-08T19:00+01:00;2022-03-08T20:00+01:00;08.03.2022;19:00;20:00;1;26;100;1;1;0;0;100;26;0;0;0;0;0;0;0
68511V2673383;Tromsøysundtunnelen T1;EV8 S2D1 m2967;2022-03-08T19:00+01:00;2022-03-08T20:00+01:00;08.03.2022;19:00;20:00;3;291;100;1;1;0;0;100;270;21;11;4;1;5;4;1
68511V2673383;Tromsøysundtunnelen T1;EV8 S2D1 m2967;2022-03-08T19:00+01:00;2022-03-08T20:00+01:00;08.03.2022;19:00;20:00;Totalt i retning Tomasjord;317;100;1;1;0;0;100;296;21;11;4;1;5;4;1
68511V2673383;Tromsøysundtunnelen T1;EV8 S2D1 m2967;2022-03-08T19:00+01:00;2022-03-08T20:00+01:00;08.03.2022;19:00;20:00;Totalt i retning Tromsøya;0;100;1;1;0;0;100;0;0;0;0;0;0;0;0
68511V2673383;Tromsøysundtunnelen T1;EV8 S2D1 m2967;2022-03-08T19:00+01:00;2022-03-08T20:00+01:00;08.03.2022;19:00;20:00;Totalt;317;100;1;1;0;0;100;296;21;11;4;1;5;4;1
68511V2673383;Tromsøysundtunnelen T1;EV8 S2D1 m2967;2022-03-08T20:00+01:00;2022-03-08T21:00+01:00;08.03.2022;20:00;21:00;1;17;100;1;1;0;0;100;17;0;0;0;0;0;0;0
68511V2673383;Tromsøysundtunnelen T1;EV8 S2D1 m2967;2022-03-08T20:00+01:00;2022-03-08T21:00+01:00;08.03.2022;20:00;21:00;3;245;100;1;1;0;0;100;240;5;2;1;1;1;1;0
68511V2673383;Tromsøysundtunnelen T1;EV8 S2D1 m2967;2022-03-08T20:00+01:00;2022-03-08T21:00+01:00;08.03.2022;20:00;21:00;Totalt i retning Tomasjord;262;100;1;1;0;0;100;257;5;2;1;1;1;1;0
68511V2673383;Tromsøysundtunnelen T1;EV8 S2D1 m2967;2022-03-08T20:00+01:00;2022-03-08T21:00+01:00;08.03.2022;20:00;21:00;Totalt i retning Tromsøya;0;100;1;1;0;0;100;0;0;0;0;0;0;0;0
68511V2673383;Tromsøysundtunnelen T1;EV8 S2D1 m2967;2022-03-08T20:00+01:00;2022-03-08T21:00+01:00;08.03.2022;20:00;21:00;Totalt;262;100;1;1;0;0;100;257;5;2;1;1;1;1;0
68511V2673383;Tromsøysundtunnelen T1;EV8 S2D1 m2967;2022-03-08T21:00+01:00;2022-03-08T22:00+01:00;08.03.2022;21:00;22:00;1;9;100;1;1;0;0;100;9;0;0;0;0;0;0;0
68511V2673383;Tromsøysundtunnelen T1;EV8 S2D1 m2967;2022-03-08T21:00+01:00;2022-03-08T22:00+01:00;08.03.2022;21:00;22:00;3;109;100;1;1;0;0;100;104;5;3;0;1;1;1;0
68511V2673383;Tromsøysundtunnelen T1;EV8 S2D1 m2967;2022-03-08T21:00+01:00;2022-03-08T22:00+01:00;08.03.2022;21:00;22:00;Totalt i retning Tomasjord;118;100;1;1;0;0;100;113;5;3;0;1;1;1;0
68511V2673383;Tromsøysundtunnelen T1;EV8 S2D1 m2967;2022-03-08T21:00+01:00;2022-03-08T22:00+01:00;08.03.2022;21:00;22:00;Totalt i retning Tromsøya;0;100;1;1;0;0;100;0;0;0;0;0;0;0;0
68511V2673383;Tromsøysundtunnelen T1;EV8 S2D1 m2967;2022-03-08T21:00+01:00;2022-03-08T22:00+01:00;08.03.2022;21:00;22:00;Totalt;118;100;1;1;0;0;100;113;5;3;0;1;1;1;0
68511V2673383;Tromsøysundtunnelen T1;EV8 S2D1 m2967;2022-03-08T22:00+01:00;2022-03-08T23:00+01:00;08.03.2022;22:00;23:00;1;0;100;1;1;0;0;100;0;0;0;0;0;0;0;0
68511V2673383;Tromsøysundtunnelen T1;EV8 S2D1 m2967;2022-03-08T22:00+01:00;2022-03-08T23:00+01:00;08.03.2022;22:00;23:00;3;0;100;1;1;0;0;100;0;0;0;0;0;0;0;0
68511V2673383;Tromsøysundtunnelen T1;EV8 S2D1 m2967;2022-03-08T22:00+01:00;2022-03-08T23:00+01:00;08.03.2022;22:00;23:00;Totalt i retning Tomasjord;0;100;1;1;0;0;100;0;0;0;0;0;0;0;0
68511V2673383;Tromsøysundtunnelen T1;EV8 S2D1 m2967;2022-03-08T22:00+01:00;2022-03-08T23:00+01:00;08.03.2022;22:00;23:00;Totalt i retning Tromsøya;0;100;1;1;0;0;100;0;0;0;0;0;0;0;0
68511V2673383;Tromsøysundtunnelen T1;EV8 S2D1 m2967;2022-03-08T22:00+01:00;2022-03-08T23:00+01:00;08.03.2022;22:00;23:00;Totalt;0;100;1;1;0;0;100;0;0;0;0;0;0;0;0
68511V2673383;Tromsøysundtunnelen T1;EV8 S2D1 m2967;2022-03-08T23:00+01:00;2022-03-09T00:00+01:00;08.03.2022;23:00;00:00;1;0;100;1;1;0;0;100;0;0;0;0;0;0;0;0
68511V2673383;Tromsøysundtunnelen T1;EV8 S2D1 m2967;2022-03-08T23:00+01:00;2022-03-09T00:00+01:00;08.03.2022;23:00;00:00;3;2;100;1;1;0;0;100;2;0;0;0;0;0;0;0
68511V2673383;Tromsøysundtunnelen T1;EV8 S2D1 m2967;2022-03-08T23:00+01:00;2022-03-09T00:00+01:00;08.03.2022;23:00;00:00;Totalt i retning Tomasjord;2;100;1;1;0;0;100;2;0;0;0;0;0;0;0
68511V2673383;Tromsøysundtunnelen T1;EV8 S2D1 m2967;2022-03-08T23:00+01:00;2022-03-09T00:00+01:00;08.03.2022;23:00;00:00;Totalt i retning Tromsøya;0;100;1;1;0;0;100;0;0;0;0;0;0;0;0
68511V2673383;Tromsøysundtunnelen T1;EV8 S2D1 m2967;2022-03-08T23:00+01:00;2022-03-09T00:00+01:00;08.03.2022;23:00;00:00;Totalt;2;100;1;1;0;0;100;2;0;0;0;0;0;0;0
79743V1125914;TROMSØBRUA;FV862 S1D1 m1705;2022-03-08T00:00+01:00;2022-03-08T01:00+01:00;08.03.2022;00:00;01:00;1;69;100;1;1;0;1;98,55;56;12;1;0;11;0;0;0
79743V1125914;TROMSØBRUA;FV862 S1D1 m1705;2022-03-08T00:00+01:00;2022-03-08T01:00+01:00;08.03.2022;00:00;01:00;2;87;100;1;1;0;0;100;73;14;5;3;4;2;2;0
79743V1125914;TROMSØBRUA;FV862 S1D1 m1705;2022-03-08T00:00+01:00;2022-03-08T01:00+01:00;08.03.2022;00:00;01:00;Totalt i retning TROMSDALEN;87;100;1;1;0;0;100;73;14;5;3;4;2;2;0
79743V1125914;TROMSØBRUA;FV862 S1D1 m1705;2022-03-08T00:00+01:00;2022-03-08T01:00+01:00;08.03.2022;00:00;01:00;Totalt i retning TROMSØYA;69;100;1;1;0;1;98,55;56;12;1;0;11;0;0;0
79743V1125914;TROMSØBRUA;FV862 S1D1 m1705;2022-03-08T00:00+01:00;2022-03-08T01:00+01:00;08.03.2022;00:00;01:00;Totalt;156;100;1;1;0;1;99,36;129;26;6;3;15;2;2;0
79743V1125914;TROMSØBRUA;FV862 S1D1 m1705;2022-03-08T01:00+01:00;2022-03-08T02:00+01:00;08.03.2022;01:00;02:00;1;36;100;1;1;0;0;100;29;7;3;3;1;0;0;0
79743V1125914;TROMSØBRUA;FV862 S1D1 m1705;2022-03-08T01:00+01:00;2022-03-08T02:00+01:00;08.03.2022;01:00;02:00;2;38;100;1;1;0;0;100;35;3;2;1;0;0;0;0
79743V1125914;TROMSØBRUA;FV862 S1D1 m1705;2022-03-08T01:00+01:00;2022-03-08T02:00+01:00;08.03.2022;01:00;02:00;Totalt i retning TROMSDALEN;38;100;1;1;0;0;100;35;3;2;1;0;0;0;0
79743V1125914;TROMSØBRUA;FV862 S1D1 m1705;2022-03-08T01:00+01:00;2022-03-08T02:00+01:00;08.03.2022;01:00;02:00;Totalt i retning TROMSØYA;36;100;1;1;0;0;100;29;7;3;3;1;0;0;0
79743V1125914;TROMSØBRUA;FV862 S1D1 m1705;2022-03-08T01:00+01:00;2022-03-08T02:00+01:00;08.03.2022;01:00;02:00;Totalt;74;100;1;1;0;0;100;64;10;5;4;1;0;0;0
79743V1125914;TROMSØBRUA;FV862 S1D1 m1705;2022-03-08T02:00+01:00;2022-03-08T03:00+01:00;08.03.2022;02:00;03:00;1;25;100;1;1;0;0;100;21;4;3;0;1;0;0;0
79743V1125914;TROMSØBRUA;FV862 S1D1 m1705;2022-03-08T02:00+01:00;2022-03-08T03:00+01:00;08.03.2022;02:00;03:00;2;19;100;1;1;0;0;100;16;3;0;3;0;0;0;0
79743V1125914;TROMSØBRUA;FV862 S1D1 m1705;2022-03-08T02:00+01:00;2022-03-08T03:00+01:00;08.03.2022;02:00;03:00;Totalt i retning TROMSDALEN;19;100;1;1;0;0;100;16;3;0;3;0;0;0;0
79743V1125914;TROMSØBRUA;FV862 S1D1 m1705;2022-03-08T02:00+01:00;2022-03-08T03:00+01:00;08.03.2022;02:00;03:00;Totalt i retning TROMSØYA;25;100;1;1;0;0;100;21;4;3;0;1;0;0;0
79743V1125914;TROMSØBRUA;FV862 S1D1 m1705;2022-03-08T02:00+01:00;2022-03-08T03:00+01:00;08.03.2022;02:00;03:00;Totalt;44;100;1;1;0;0;100;37;7;3;3;1;0;0;0
79743V1125914;TROMSØBRUA;FV862 S1D1 m1705;2022-03-08T03:00+01:00;2022-03-08T04:00+01:00;08.03.2022;03:00;04:00;1;20;100;1;1;0;0;100;20;0;0;0;0;0;0;0
79743V1125914;TROMSØBRUA;FV862 S1D1 m1705;2022-03-08T03:00+01:00;2022-03-08T04:00+01:00;08.03.2022;03:00;04:00;2;26;100;1;1;0;0;100;19;7;1;3;0;3;3;0
79743V1125914;TROMSØBRUA;FV862 S1D1 m1705;2022-03-08T03:00+01:00;2022-03-08T04:00+01:00;08.03.2022;03:00;04:00;Totalt i retning TROMSDALEN;26;100;1;1;0;0;100;19;7;1;3;0;3;3;0
79743V1125914;TROMSØBRUA;FV862 S1D1 m1705;2022-03-08T03:00+01:00;2022-03-08T04:00+01:00;08.03.2022;03:00;04:00;Totalt i retning TROMSØYA;20;100;1;1;0;0;100;20;0;0;0;0;0;0;0
79743V1125914;TROMSØBRUA;FV862 S1D1 m1705;2022-03-08T03:00+01:00;2022-03-08T04:00+01:00;08.03.2022;03:00;04:00;Totalt;46;100;1;1;0;0;100;39;7;1;3;0;3;3;0
79743V1125914;TROMSØBRUA;FV862 S1D1 m1705;2022-03-08T04:00+01:00;2022-03-08T05:00+01:00;08.03.2022;04:00;05:00;1;49;100;1;1;0;0;100;49;0;0;0;0;0;0;0
79743V1125914;TROMSØBRUA;FV862 S1D1 m1705;2022-03-08T04:00+01:00;2022-03-08T05:00+01:00;08.03.2022;04:00;05:00;2;24;100;1;1;0;0;100;16;8;4;4;0;0;0;0
79743V1125914;TROMSØBRUA;FV862 S1D1 m1705;2022-03-08T04:00+01:00;2022-03-08T05:00+01:00;08.03.2022;04:00;05:00;Totalt i retning TROMSDALEN;24;100;1;1;0;0;100;16;8;4;4;0;0;0;0
79743V1125914;TROMSØBRUA;FV862 S1D1 m1705;2022-03-08T04:00+01:00;2022-03-08T05:00+01:00;08.03.2022;04:00;05:00;Totalt i retning TROMSØYA;49;100;1;1;0;0;100;49;0;0;0;0;0;0;0
79743V1125914;TROMSØBRUA;FV862 S1D1 m1705;2022-03-08T04:00+01:00;2022-03-08T05:00+01:00;08.03.2022;04:00;05:00;Totalt;73;100;1;1;0;0;100;65;8;4;4;0;0;0;0
79743V1125914;TROMSØBRUA;FV862 S1D1 m1705;2022-03-08T05:00+01:00;2022-03-08T06:00+01:00;08.03.2022;05:00;06:00;1;96;100;1;1;0;0;100;86;10;2;0;7;1;1;0
79743V1125914;TROMSØBRUA;FV862 S1D1 m1705;2022-03-08T05:00+01:00;2022-03-08T06:00+01:00;08.03.2022;05:00;06:00;2;64;100;1;1;0;0;100;47;17;3;4;9;1;1;0
79743V1125914;TROMSØBRUA;FV862 S1D1 m1705;2022-03-08T05:00+01:00;2022-03-08T06:00+01:00;08.03.2022;05:00;06:00;Totalt i retning TROMSDALEN;64;100;1;1;0;0;100;47;17;3;4;9;1;1;0
79743V1125914;TROMSØBRUA;FV862 S1D1 m1705;2022-03-08T05:00+01:00;2022-03-08T06:00+01:00;08.03.2022;05:00;06:00;Totalt i retning TROMSØYA;96;100;1;1;0;0;100;86;10;2;0;7;1;1;0
79743V1125914;TROMSØBRUA;FV862 S1D1 m1705;2022-03-08T05:00+01:00;2022-03-08T06:00+01:00;08.03.2022;05:00;06:00;Totalt;160;100;1;1;0;0;100;133;27;5;4;16;2;2;0
79743V1125914;TROMSØBRUA;FV862 S1D1 m1705;2022-03-08T06:00+01:00;2022-03-08T07:00+01:00;08.03.2022;06:00;07:00;1;368;100;1;1;0;2;99,46;340;26;1;4;15;6;5;1
79743V1125914;TROMSØBRUA;FV862 S1D1 m1705;2022-03-08T06:00+01:00;2022-03-08T07:00+01:00;08.03.2022;06:00;07:00;2;171;100;1;1;0;0;100;137;34;8;9;17;0;0;0
79743V1125914;TROMSØBRUA;FV862 S1D1 m1705;2022-03-08T06:00+01:00;2022-03-08T07:00+01:00;08.03.2022;06:00;07:00;Totalt i retning TROMSDALEN;171;100;1;1;0;0;100;137;34;8;9;17;0;0;0
79743V1125914;TROMSØBRUA;FV862 S1D1 m1705;2022-03-08T06:00+01:00;2022-03-08T07:00+01:00;08.03.2022;06:00;07:00;Totalt i retning TROMSØYA;368;100;1;1;0;2;99,46;340;26;1;4;15;6;5;1
79743V1125914;TROMSØBRUA;FV862 S1D1 m1705;2022-03-08T06:00+01:00;2022-03-08T07:00+01:00;08.03.2022;06:00;07:00;Totalt;539;100;1;1;0;2;99,63;477;60;9;13;32;6;5;1
79743V1125914;TROMSØBRUA;FV862 S1D1 m1705;2022-03-08T07:00+01:00;2022-03-08T08:00+01:00;08.03.2022;07:00;08:00;1;762;100;1;1;0;0;100;721;41;9;9;21;2;1;1
79743V1125914;TROMSØBRUA;FV862 S1D1 m1705;2022-03-08T07:00+01:00;2022-03-08T08:00+01:00;08.03.2022;07:00;08:00;2;369;100;1;1;0;0;100;304;65;25;14;22;4;4;0
79743V1125914;TROMSØBRUA;FV862 S1D1 m1705;2022-03-08T07:00+01:00;2022-03-08T08:00+01:00;08.03.2022;07:00;08:00;Totalt i retning TROMSDALEN;369;100;1;1;0;0;100;304;65;25;14;22;4;4;0
79743V1125914;TROMSØBRUA;FV862 S1D1 m1705;2022-03-08T07:00+01:00;2022-03-08T08:00+01:00;08.03.2022;07:00;08:00;Totalt i retning TROMSØYA;762;100;1;1;0;0;100;721;41;9;9;21;2;1;1
79743V1125914;TROMSØBRUA;FV862 S1D1 m1705;2022-03-08T07:00+01:00;2022-03-08T08:00+01:00;08.03.2022;07:00;08:00;Totalt;1131;100;1;1;0;0;100;1025;106;34;23;43;6;5;1
79743V1125914;TROMSØBRUA;FV862 S1D1 m1705;2022-03-08T08:00+01:00;2022-03-08T09:00+01:00;08.03.2022;08:00;09:00;1;747;100;1;1;0;1;99,87;701;45;11;9;24;1;0;1
79743V1125914;TROMSØBRUA;FV862 S1D1 m1705;2022-03-08T08:00+01:00;2022-03-08T09:00+01:00;08.03.2022;08:00;09:00;2;444;100;1;1;0;0;100;346;98;45;24;25;4;4;0
79743V1125914;TROMSØBRUA;FV862 S1D1 m1705;2022-03-08T08:00+01:00;2022-03-08T09:00+01:00;08.03.2022;08:00;09:00;Totalt i retning TROMSDALEN;445;100;1;1;0;0;100;346;99;45;25;25;4;4;0
79743V1125914;TROMSØBRUA;FV862 S1D1 m1705;2022-03-08T08:00+01:00;2022-03-08T09:00+01:00;08.03.2022;08:00;09:00;Totalt i retning TROMSØYA;746;100;1;1;0;1;99,87;701;44;11;8;24;1;0;1
79743V1125914;TROMSØBRUA;FV862 S1D1 m1705;2022-03-08T08:00+01:00;2022-03-08T09:00+01:00;08.03.2022;08:00;09:00;Totalt;1191;100;1;1;0;1;99,92;1047;143;56;33;49;5;4;1
79743V1125914;TROMSØBRUA;FV862 S1D1 m1705;2022-03-08T09:00+01:00;2022-03-08T10:00+01:00;08.03.2022;09:00;10:00;1;532;100;1;1;0;0;100;487;45;17;5;21;2;2;0
79743V1125914;TROMSØBRUA;FV862 S1D1 m1705;2022-03-08T09:00+01:00;2022-03-08T10:00+01:00;08.03.2022;09:00;10:00;2;424;100;1;1;0;0;100;351;73;32;15;20;6;6;0
79743V1125914;TROMSØBRUA;FV862 S1D1 m1705;2022-03-08T09:00+01:00;2022-03-08T10:00+01:00;08.03.2022;09:00;10:00;Totalt i retning TROMSDALEN;425;100;1;1;0;0;100;352;73;32;15;20;6;6;0
79743V1125914;TROMSØBRUA;FV862 S1D1 m1705;2022-03-08T09:00+01:00;2022-03-08T10:00+01:00;08.03.2022;09:00;10:00;Totalt i retning TROMSØYA;531;100;1;1;0;0;100;486;45;17;5;21;2;2;0
79743V1125914;TROMSØBRUA;FV862 S1D1 m1705;2022-03-08T09:00+01:00;2022-03-08T10:00+01:00;08.03.2022;09:00;10:00;Totalt;956;100;1;1;0;0;100;838;118;49;20;41;8;8;0
79743V1125914;TROMSØBRUA;FV862 S1D1 m1705;2022-03-08T10:00+01:00;2022-03-08T11:00+01:00;08.03.2022;10:00;11:00;1;543;100;1;1;0;0;100;508;35;6;9;18;2;2;0
79743V1125914;TROMSØBRUA;FV862 S1D1 m1705;2022-03-08T10:00+01:00;2022-03-08T11:00+01:00;08.03.2022;10:00;11:00;2;456;100;1;1;0;0;100;370;86;42;20;23;1;1;0
79743V1125914;TROMSØBRUA;FV862 S1D1 m1705;2022-03-08T10:00+01:00;2022-03-08T11:00+01:00;08.03.2022;10:00;11:00;Totalt i retning TROMSDALEN;456;100;1;1;0;0;100;370;86;42;20;23;1;1;0
79743V1125914;TROMSØBRUA;FV862 S1D1 m1705;2022-03-08T10:00+01:00;2022-03-08T11:00+01:00;08.03.2022;10:00;11:00;Totalt i retning TROMSØYA;543;100;1;1;0;0;100;508;35;6;9;18;2;2;0
79743V1125914;TROMSØBRUA;FV862 S1D1 m1705;2022-03-08T10:00+01:00;2022-03-08T11:00+01:00;08.03.2022;10:00;11:00;Totalt;999;100;1;1;0;0;100;878;121;48;29;41;3;3;0
79743V1125914;TROMSØBRUA;FV862 S1D1 m1705;2022-03-08T11:00+01:00;2022-03-08T12:00+01:00;08.03.2022;11:00;12:00;1;566;100;1;1;0;0;100;534;32;4;7;17;4;4;0
79743V1125914;TROMSØBRUA;FV862 S1D1 m1705;2022-03-08T11:00+01:00;2022-03-08T12:00+01:00;08.03.2022;11:00;12:00;2;520;100;1;1;0;0;100;450;70;33;15;15;7;7;0
79743V1125914;TROMSØBRUA;FV862 S1D1 m1705;2022-03-08T11:00+01:00;2022-03-08T12:00+01:00;08.03.2022;11:00;12:00;Totalt i retning TROMSDALEN;520;100;1;1;0;0;100;450;70;33;15;15;7;7;0
79743V1125914;TROMSØBRUA;FV862 S1D1 m1705;2022-03-08T11:00+01:00;2022-03-08T12:00+01:00;08.03.2022;11:00;12:00;Totalt i retning TROMSØYA;566;100;1;1;0;0;100;534;32;4;7;17;4;4;0
79743V1125914;TROMSØBRUA;FV862 S1D1 m1705;2022-03-08T11:00+01:00;2022-03-08T12:00+01:00;08.03.2022;11:00;12:00;Totalt;1086;100;1;1;0;0;100;984;102;37;22;32;11;11;0
79743V1125914;TROMSØBRUA;FV862 S1D1 m1705;2022-03-08T12:00+01:00;2022-03-08T13:00+01:00;08.03.2022;12:00;13:00;1;630;100;1;1;0;2;99,68;582;46;19;11;15;1;1;0
79743V1125914;TROMSØBRUA;FV862 S1D1 m1705;2022-03-08T12:00+01:00;2022-03-08T13:00+01:00;08.03.2022;12:00;13:00;2;573;100;1;1;0;0;100;500;73;32;18;14;9;9;0
79743V1125914;TROMSØBRUA;FV862 S1D1 m1705;2022-03-08T12:00+01:00;2022-03-08T13:00+01:00;08.03.2022;12:00;13:00;Totalt i retning TROMSDALEN;573;100;1;1;0;0;100;500;73;32;18;14;9;9;0
79743V1125914;TROMSØBRUA;FV862 S1D1 m1705;2022-03-08T12:00+01:00;2022-03-08T13:00+01:00;08.03.2022;12:00;13:00;Totalt i retning TROMSØYA;630;100;1;1;0;2;99,68;582;46;19;11;15;1;1;0
79743V1125914;TROMSØBRUA;FV862 S1D1 m1705;2022-03-08T12:00+01:00;2022-03-08T13:00+01:00;08.03.2022;12:00;13:00;Totalt;1203;100;1;1;0;2;99,83;1082;119;51;29;29;10;10;0
79743V1125914;TROMSØBRUA;FV862 S1D1 m1705;2022-03-08T13:00+01:00;2022-03-08T14:00+01:00;08.03.2022;13:00;14:00;1;565;100;1;1;0;1;99,82;521;43;16;9;17;1;1;0
79743V1125914;TROMSØBRUA;FV862 S1D1 m1705;2022-03-08T13:00+01:00;2022-03-08T14:00+01:00;08.03.2022;13:00;14:00;2;576;100;1;1;0;0;100;486;90;40;22;18;10;10;0
79743V1125914;TROMSØBRUA;FV862 S1D1 m1705;2022-03-08T13:00+01:00;2022-03-08T14:00+01:00;08.03.2022;13:00;14:00;Totalt i retning TROMSDALEN;576;100;1;1;0;0;100;486;90;40;22;18;10;10;0
79743V1125914;TROMSØBRUA;FV862 S1D1 m1705;2022-03-08T13:00+01:00;2022-03-08T14:00+01:00;08.03.2022;13:00;14:00;Totalt i retning TROMSØYA;565;100;1;1;0;1;99,82;521;43;16;9;17;1;1;0
79743V1125914;TROMSØBRUA;FV862 S1D1 m1705;2022-03-08T13:00+01:00;2022-03-08T14:00+01:00;08.03.2022;13:00;14:00;Totalt;1141;100;1;1;0;1;99,91;1007;133;56;31;35;11;11;0
79743V1125914;TROMSØBRUA;FV862 S1D1 m1705;2022-03-08T14:00+01:00;2022-03-08T15:00+01:00;08.03.2022;14:00;15:00;1;625;100;1;1;0;0;100;579;46;9;14;23;0;0;0
79743V1125914;TROMSØBRUA;FV862 S1D1 m1705;2022-03-08T14:00+01:00;2022-03-08T15:00+01:00;08.03.2022;14:00;15:00;2;749;100;1;1;0;0;100;655;94;46;20;23;5;5;0
79743V1125914;TROMSØBRUA;FV862 S1D1 m1705;2022-03-08T14:00+01:00;2022-03-08T15:00+01:00;08.03.2022;14:00;15:00;Totalt i retning TROMSDALEN;749;100;1;1;0;0;100;655;94;46;20;23;5;5;0
79743V1125914;TROMSØBRUA;FV862 S1D1 m1705;2022-03-08T14:00+01:00;2022-03-08T15:00+01:00;08.03.2022;14:00;15:00;Totalt i retning TROMSØYA;625;100;1;1;0;0;100;579;46;9;14;23;0;0;0
79743V1125914;TROMSØBRUA;FV862 S1D1 m1705;2022-03-08T14:00+01:00;2022-03-08T15:00+01:00;08.03.2022;14:00;15:00;Totalt;1374;100;1;1;0;0;100;1234;140;55;34;46;5;5;0
79743V1125914;TROMSØBRUA;FV862 S1D1 m1705;2022-03-08T15:00+01:00;2022-03-08T16:00+01:00;08.03.2022;15:00;16:00;1;633;100;1;1;0;0;100;584;49;11;11;26;1;1;0
79743V1125914;TROMSØBRUA;FV862 S1D1 m1705;2022-03-08T15:00+01:00;2022-03-08T16:00+01:00;08.03.2022;15:00;16:00;2;897;100;1;1;0;0;100;807;90;45;17;27;1;1;0
79743V1125914;TROMSØBRUA;FV862 S1D1 m1705;2022-03-08T15:00+01:00;2022-03-08T16:00+01:00;08.03.2022;15:00;16:00;Totalt i retning TROMSDALEN;897;100;1;1;0;0;100;807;90;45;17;27;1;1;0
79743V1125914;TROMSØBRUA;FV862 S1D1 m1705;2022-03-08T15:00+01:00;2022-03-08T16:00+01:00;08.03.2022;15:00;16:00;Totalt i retning TROMSØYA;633;100;1;1;0;0;100;584;49;11;11;26;1;1;0
79743V1125914;TROMSØBRUA;FV862 S1D1 m1705;2022-03-08T15:00+01:00;2022-03-08T16:00+01:00;08.03.2022;15:00;16:00;Totalt;1530;100;1;1;0;0;100;1391;139;56;28;53;2;2;0
79743V1125914;TROMSØBRUA;FV862 S1D1 m1705;2022-03-08T16:00+01:00;2022-03-08T17:00+01:00;08.03.2022;16:00;17:00;1;635;100;1;1;0;2;99,69;597;36;9;4;20;3;3;0
79743V1125914;TROMSØBRUA;FV862 S1D1 m1705;2022-03-08T16:00+01:00;2022-03-08T17:00+01:00;08.03.2022;16:00;17:00;2;878;100;1;1;0;0;100;804;74;41;5;24;4;4;0
79743V1125914;TROMSØBRUA;FV862 S1D1 m1705;2022-03-08T16:00+01:00;2022-03-08T17:00+01:00;08.03.2022;16:00;17:00;Totalt i retning TROMSDALEN;878;100;1;1;0;0;100;804;74;41;5;24;4;4;0
79743V1125914;TROMSØBRUA;FV862 S1D1 m1705;2022-03-08T16:00+01:00;2022-03-08T17:00+01:00;08.03.2022;16:00;17:00;Totalt i retning TROMSØYA;635;100;1;1;0;2;99,69;597;36;9;4;20;3;3;0
79743V1125914;TROMSØBRUA;FV862 S1D1 m1705;2022-03-08T16:00+01:00;2022-03-08T17:00+01:00;08.03.2022;16:00;17:00;Totalt;1513;100;1;1;0;2;99,87;1401;110;50;9;44;7;7;0
79743V1125914;TROMSØBRUA;FV862 S1D1 m1705;2022-03-08T17:00+01:00;2022-03-08T18:00+01:00;08.03.2022;17:00;18:00;1;576;100;1;1;0;2;99,65;546;28;2;9;17;0;0;0
79743V1125914;TROMSØBRUA;FV862 S1D1 m1705;2022-03-08T17:00+01:00;2022-03-08T18:00+01:00;08.03.2022;17:00;18:00;2;636;100;1;1;0;0;100;569;67;35;9;18;5;5;0
79743V1125914;TROMSØBRUA;FV862 S1D1 m1705;2022-03-08T17:00+01:00;2022-03-08T18:00+01:00;08.03.2022;17:00;18:00;Totalt i retning TROMSDALEN;636;100;1;1;0;0;100;569;67;35;9;18;5;5;0
79743V1125914;TROMSØBRUA;FV862 S1D1 m1705;2022-03-08T17:00+01:00;2022-03-08T18:00+01:00;08.03.2022;17:00;18:00;Totalt i retning TROMSØYA;576;100;1;1;0;2;99,65;546;28;2;9;17;0;0;0
79743V1125914;TROMSØBRUA;FV862 S1D1 m1705;2022-03-08T17:00+01:00;2022-03-08T18:00+01:00;08.03.2022;17:00;18:00;Totalt;1212;100;1;1;0;2;99,83;1115;95;37;18;35;5;5;0
79743V1125914;TROMSØBRUA;FV862 S1D1 m1705;2022-03-08T18:00+01:00;2022-03-08T19:00+01:00;08.03.2022;18:00;19:00;1;549;100;1;1;0;0;100;524;25;3;9;13;0;0;0
79743V1125914;TROMSØBRUA;FV862 S1D1 m1705;2022-03-08T18:00+01:00;2022-03-08T19:00+01:00;08.03.2022;18:00;19:00;2;587;100;1;1;0;0;100;537;50;20;13;15;2;2;0
79743V1125914;TROMSØBRUA;FV862 S1D1 m1705;2022-03-08T18:00+01:00;2022-03-08T19:00+01:00;08.03.2022;18:00;19:00;Totalt i retning TROMSDALEN;587;100;1;1;0;0;100;537;50;20;13;15;2;2;0
79743V1125914;TROMSØBRUA;FV862 S1D1 m1705;2022-03-08T18:00+01:00;2022-03-08T19:00+01:00;08.03.2022;18:00;19:00;Totalt i retning TROMSØYA;549;100;1;1;0;0;100;524;25;3;9;13;0;0;0
79743V1125914;TROMSØBRUA;FV862 S1D1 m1705;2022-03-08T18:00+01:00;2022-03-08T19:00+01:00;08.03.2022;18:00;19:00;Totalt;1136;100;1;1;0;0;100;1061;75;23;22;28;2;2;0
79743V1125914;TROMSØBRUA;FV862 S1D1 m1705;2022-03-08T19:00+01:00;2022-03-08T20:00+01:00;08.03.2022;19:00;20:00;1;515;100;1;1;0;1;99,81;489;25;4;7;13;1;1;0
79743V1125914;TROMSØBRUA;FV862 S1D1 m1705;2022-03-08T19:00+01:00;2022-03-08T20:00+01:00;08.03.2022;19:00;20:00;2;552;100;1;1;0;0;100;500;52;22;10;16;4;4;0
79743V1125914;TROMSØBRUA;FV862 S1D1 m1705;2022-03-08T19:00+01:00;2022-03-08T20:00+01:00;08.03.2022;19:00;20:00;Totalt i retning TROMSDALEN;553;100;1;1;0;0;100;500;53;22;10;16;5;5;0
79743V1125914;TROMSØBRUA;FV862 S1D1 m1705;2022-03-08T19:00+01:00;2022-03-08T20:00+01:00;08.03.2022;19:00;20:00;Totalt i retning TROMSØYA;514;100;1;1;0;1;99,81;489;24;4;7;13;0;0;0
79743V1125914;TROMSØBRUA;FV862 S1D1 m1705;2022-03-08T19:00+01:00;2022-03-08T20:00+01:00;08.03.2022;19:00;20:00;Totalt;1067;100;1;1;0;1;99,91;989;77;26;17;29;5;5;0
79743V1125914;TROMSØBRUA;FV862 S1D1 m1705;2022-03-08T20:00+01:00;2022-03-08T21:00+01:00;08.03.2022;20:00;21:00;1;370;100;1;1;0;0;100;354;16;2;3;11;0;0;0
79743V1125914;TROMSØBRUA;FV862 S1D1 m1705;2022-03-08T20:00+01:00;2022-03-08T21:00+01:00;08.03.2022;20:00;21:00;2;466;100;1;1;0;0;100;430;36;18;6;10;2;2;0
79743V1125914;TROMSØBRUA;FV862 S1D1 m1705;2022-03-08T20:00+01:00;2022-03-08T21:00+01:00;08.03.2022;20:00;21:00;Totalt i retning TROMSDALEN;466;100;1;1;0;0;100;430;36;18;6;10;2;2;0
79743V1125914;TROMSØBRUA;FV862 S1D1 m1705;2022-03-08T20:00+01:00;2022-03-08T21:00+01:00;08.03.2022;20:00;21:00;Totalt i retning TROMSØYA;370;100;1;1;0;0;100;354;16;2;3;11;0;0;0
79743V1125914;TROMSØBRUA;FV862 S1D1 m1705;2022-03-08T20:00+01:00;2022-03-08T21:00+01:00;08.03.2022;20:00;21:00;Totalt;836;100;1;1;0;0;100;784;52;20;9;21;2;2;0
79743V1125914;TROMSØBRUA;FV862 S1D1 m1705;2022-03-08T21:00+01:00;2022-03-08T22:00+01:00;08.03.2022;21:00;22:00;1;351;100;1;1;0;1;99,72;336;14;0;3;9;2;2;0
79743V1125914;TROMSØBRUA;FV862 S1D1 m1705;2022-03-08T21:00+01:00;2022-03-08T22:00+01:00;08.03.2022;21:00;22:00;2;456;100;1;1;0;0;100;426;30;9;8;11;2;2;0
79743V1125914;TROMSØBRUA;FV862 S1D1 m1705;2022-03-08T21:00+01:00;2022-03-08T22:00+01:00;08.03.2022;21:00;22:00;Totalt i retning TROMSDALEN;456;100;1;1;0;0;100;426;30;9;8;11;2;2;0
79743V1125914;TROMSØBRUA;FV862 S1D1 m1705;2022-03-08T21:00+01:00;2022-03-08T22:00+01:00;08.03.2022;21:00;22:00;Totalt i retning TROMSØYA;351;100;1;1;0;1;99,72;336;14;0;3;9;2;2;0
79743V1125914;TROMSØBRUA;FV862 S1D1 m1705;2022-03-08T21:00+01:00;2022-03-08T22:00+01:00;08.03.2022;21:00;22:00;Totalt;807;100;1;1;0;1;99,88;762;44;9;11;20;4;4;0
79743V1125914;TROMSØBRUA;FV862 S1D1 m1705;2022-03-08T22:00+01:00;2022-03-08T23:00+01:00;08.03.2022;22:00;23:00;1;230;100;1;1;0;2;99,13;213;15;3;1;11;0;0;0
79743V1125914;TROMSØBRUA;FV862 S1D1 m1705;2022-03-08T22:00+01:00;2022-03-08T23:00+01:00;08.03.2022;22:00;23:00;2;380;100;1;1;0;0;100;356;24;11;4;8;1;1;0
79743V1125914;TROMSØBRUA;FV862 S1D1 m1705;2022-03-08T22:00+01:00;2022-03-08T23:00+01:00;08.03.2022;22:00;23:00;Totalt i retning TROMSDALEN;381;100;1;1;0;0;100;356;25;12;4;8;1;1;0
79743V1125914;TROMSØBRUA;FV862 S1D1 m1705;2022-03-08T22:00+01:00;2022-03-08T23:00+01:00;08.03.2022;22:00;23:00;Totalt i retning TROMSØYA;229;100;1;1;0;2;99,13;213;14;2;1;11;0;0;0
79743V1125914;TROMSØBRUA;FV862 S1D1 m1705;2022-03-08T22:00+01:00;2022-03-08T23:00+01:00;08.03.2022;22:00;23:00;Totalt;610;100;1;1;0;2;99,67;569;39;14;5;19;1;1;0
79743V1125914;TROMSØBRUA;FV862 S1D1 m1705;2022-03-08T23:00+01:00;2022-03-09T00:00+01:00;08.03.2022;23:00;00:00;1;148;100;1;1;0;0;100;136;12;1;2;9;0;0;0
79743V1125914;TROMSØBRUA;FV862 S1D1 m1705;2022-03-08T23:00+01:00;2022-03-09T00:00+01:00;08.03.2022;23:00;00:00;2;189;100;1;1;0;0;100;170;19;5;2;10;2;2;0
79743V1125914;TROMSØBRUA;FV862 S1D1 m1705;2022-03-08T23:00+01:00;2022-03-09T00:00+01:00;08.03.2022;23:00;00:00;Totalt i retning TROMSDALEN;189;100;1;1;0;0;100;170;19;5;2;10;2;2;0
79743V1125914;TROMSØBRUA;FV862 S1D1 m1705;2022-03-08T23:00+01:00;2022-03-09T00:00+01:00;08.03.2022;23:00;00:00;Totalt i retning TROMSØYA;148;100;1;1;0;0;100;136;12;1;2;9;0;0;0
79743V1125914;TROMSØBRUA;FV862 S1D1 m1705;2022-03-08T23:00+01:00;2022-03-09T00:00+01:00;08.03.2022;23:00;00:00;Totalt;337;100;1;1;0;0;100;306;31;6;4;19;2;2;0
